-- phpMyAdmin SQL Dump
-- version 4.9.0.1
-- https://www.phpmyadmin.net/
--
-- Host: 127.0.0.1
-- Waktu pembuatan: 14 Agu 2020 pada 09.54
-- Versi server: 10.4.6-MariaDB
-- Versi PHP: 7.1.31

SET SQL_MODE = "NO_AUTO_VALUE_ON_ZERO";
SET AUTOCOMMIT = 0;
START TRANSACTION;
SET time_zone = "+00:00";


/*!40101 SET @OLD_CHARACTER_SET_CLIENT=@@CHARACTER_SET_CLIENT */;
/*!40101 SET @OLD_CHARACTER_SET_RESULTS=@@CHARACTER_SET_RESULTS */;
/*!40101 SET @OLD_COLLATION_CONNECTION=@@COLLATION_CONNECTION */;
/*!40101 SET NAMES utf8mb4 */;

--
-- Database: `balitro`
--

-- --------------------------------------------------------

--
-- Struktur dari tabel `agama`
--

CREATE TABLE `agama` (
  `id` int(11) NOT NULL,
  `agama` text NOT NULL
) ENGINE=InnoDB DEFAULT CHARSET=latin1;

--
-- Dumping data untuk tabel `agama`
--

INSERT INTO `agama` (`id`, `agama`) VALUES
(1, 'Islam'),
(2, 'Protestan'),
(3, 'Katolik'),
(4, 'Hindu'),
(5, 'Buddha'),
(6, 'Kong Hu Cu');

-- --------------------------------------------------------

--
-- Struktur dari tabel `biaya_anggaran`
--

CREATE TABLE `biaya_anggaran` (
  `id` int(11) NOT NULL,
  `id_jenis_anggaran` int(11) NOT NULL,
  `id_tujuan` int(11) DEFAULT NULL,
  `biaya` bigint(255) NOT NULL,
  `created_at` datetime DEFAULT NULL,
  `updated_at` datetime DEFAULT NULL
) ENGINE=InnoDB DEFAULT CHARSET=latin1;

--
-- Dumping data untuk tabel `biaya_anggaran`
--

INSERT INTO `biaya_anggaran` (`id`, `id_jenis_anggaran`, `id_tujuan`, `biaya`, `created_at`, `updated_at`) VALUES
(8, 1, 2, 425000, NULL, NULL),
(9, 4, 2, 250000, NULL, NULL),
(10, 3, 2, 750000, NULL, NULL),
(11, 1, 3, 300000, NULL, NULL),
(12, 4, 3, 150000, NULL, NULL),
(13, 3, 3, 500000, NULL, NULL),
(14, 1, 4, 300000, NULL, NULL),
(15, 4, 4, 100000, NULL, NULL),
(16, 3, 4, 400000, NULL, NULL),
(17, 1, 5, 300000, NULL, NULL),
(18, 4, 5, 50000, NULL, NULL),
(19, 3, 5, 275000, NULL, NULL),
(47, 1, 12, 1000000, NULL, NULL),
(48, 4, 12, 300000, NULL, NULL),
(49, 7, 12, 300000, NULL, NULL),
(50, 1, 1, 400000, NULL, NULL),
(51, 3, 1, 375000, NULL, NULL),
(52, 2, 1, 50000, NULL, NULL),
(53, 9, 1, 10000, NULL, NULL);

-- --------------------------------------------------------

--
-- Struktur dari tabel `cuti`
--

CREATE TABLE `cuti` (
  `id` int(11) NOT NULL,
  `nomor_laporan` text DEFAULT NULL,
  `id_user` bigint(20) UNSIGNED DEFAULT NULL,
  `id_jenis_cuti` int(11) DEFAULT NULL,
  `alasan` text NOT NULL,
  `tanggal` date NOT NULL,
  `alamat_cuti` text DEFAULT NULL,
  `telp` text DEFAULT NULL,
  `cuti_n` int(11) NOT NULL DEFAULT 0,
  `cuti_n1` int(11) NOT NULL DEFAULT 0,
  `cuti_n2` int(11) NOT NULL DEFAULT 0,
  `status_acc1` tinyint(1) NOT NULL DEFAULT 0,
  `catatan_acc1` text DEFAULT NULL,
  `status_acc2` tinyint(1) NOT NULL DEFAULT 0,
  `catatan_acc2` text DEFAULT NULL,
  `tanda_tangan_admin1` bigint(20) UNSIGNED DEFAULT NULL,
  `tanda_tangan_admin2` bigint(20) UNSIGNED DEFAULT NULL,
  `created_at` datetime DEFAULT NULL,
  `updated_at` datetime DEFAULT NULL
) ENGINE=InnoDB DEFAULT CHARSET=latin1;

--
-- Dumping data untuk tabel `cuti`
--

INSERT INTO `cuti` (`id`, `nomor_laporan`, `id_user`, `id_jenis_cuti`, `alasan`, `tanggal`, `alamat_cuti`, `telp`, `cuti_n`, `cuti_n1`, `cuti_n2`, `status_acc1`, `catatan_acc1`, `status_acc2`, `catatan_acc2`, `tanda_tangan_admin1`, `tanda_tangan_admin2`, `created_at`, `updated_at`) VALUES
(40, '4993.29.07.2020', 221, 2, 'sakit', '2020-07-29', 'alamat', '087780065446', 0, 4, 0, 1, NULL, 1, NULL, 61, 53, '2020-07-29 14:46:31', '2020-07-29 14:48:37');

-- --------------------------------------------------------

--
-- Struktur dari tabel `data_user`
--

CREATE TABLE `data_user` (
  `id` int(255) NOT NULL,
  `id_user` bigint(20) UNSIGNED DEFAULT NULL,
  `nip` text NOT NULL,
  `nama` text NOT NULL,
  `tgl_lahir` date NOT NULL,
  `id_agama` int(11) DEFAULT NULL,
  `id_jenjang_pendidikan` int(11) DEFAULT NULL,
  `nama_sekolah` text NOT NULL,
  `tahun_lulus` year(4) NOT NULL,
  `id_jabatan` int(11) DEFAULT NULL,
  `id_pangkat` int(11) DEFAULT NULL,
  `id_golongan` int(11) DEFAULT NULL,
  `tmt` text NOT NULL,
  `masa_kerja` int(11) NOT NULL DEFAULT 0,
  `alamat` longtext NOT NULL,
  `status` tinyint(1) NOT NULL,
  `cuti_n` int(11) NOT NULL DEFAULT 0,
  `cuti_n1` int(11) NOT NULL DEFAULT 0,
  `cuti_n2` int(11) NOT NULL DEFAULT 0,
  `tanda_tangan` text DEFAULT NULL,
  `created_at` datetime DEFAULT NULL,
  `updated_at` datetime DEFAULT NULL
) ENGINE=InnoDB DEFAULT CHARSET=latin1;

--
-- Dumping data untuk tabel `data_user`
--

INSERT INTO `data_user` (`id`, `id_user`, `nip`, `nama`, `tgl_lahir`, `id_agama`, `id_jenjang_pendidikan`, `nama_sekolah`, `tahun_lulus`, `id_jabatan`, `id_pangkat`, `id_golongan`, `tmt`, `masa_kerja`, `alamat`, `status`, `cuti_n`, `cuti_n1`, `cuti_n2`, `tanda_tangan`, `created_at`, `updated_at`) VALUES
(1, 1, '196908292014071001', 'A DIDIN', '0000-00-00', 1, 3, 'STM BHARATAMA BOGOR', 1988, 1, 1, 1, '2018-01-10', 282, 'Babakan Gunung Gede Rt 001/Rw 001 Kel.Babakan Bogor Tengah, Kota Bogor Tengah, JAWA BARAT', 1, 12, 12, 12, NULL, NULL, NULL),
(2, 2, '196504111990031002', 'AANG SUMPENA', '0000-00-00', 1, 1, 'SD', 1981, 2, 2, 2, '2006-01-04', 312, 'KP. BAKANTAMBUN PUCUNG KOTA BARU, KARAWANG, JAWA BARAT 41374', 1, 12, 12, 12, NULL, NULL, '2020-03-20 10:55:53'),
(3, 3, '197004192006041007', 'ABDUL MIFTAH', '0000-00-00', 1, 3, 'STM TRI DHARMA', 1991, 3, 3, 3, '2014-01-04', 240, 'KOMPLEK PERTANIAN RT.002/RW.008 KEL. MENTENG KEC. BOGOR BARAT, BOGOR, JAWA BARAT 16111', 1, 12, 12, 12, NULL, NULL, '2020-03-19 10:37:02'),
(4, 4, '196905052007011001', 'ACEP MUSLIHAT', '0000-00-00', 1, 3, 'SMAN NEGERI 4', 1989, 4, 4, 4, '2019-01-10', 270, 'Bantarjati Lebak RT. 04/ 01, BOGOR, JAWA BARAT 16153', 1, 12, 12, 12, NULL, NULL, NULL),
(5, 5, '196303041990031002', 'ADE RAHMAT', '0000-00-00', 1, 3, 'SMA 17 BOGOR', 1983, 5, 5, 5, '2011-01-04', 324, 'KP. TENJOAYU RT4/2 DS.TENJOAYU CICURUG, SUKABUMI, JAWA BARAT 43359', 1, 12, 12, 12, NULL, NULL, NULL),
(6, 6, '198211092012121001', 'ADE WAHYUDIN', '0000-00-00', 1, 3, 'MA S. AL GHAZALY', 2001, 6, 1, 1, '2017-01-04', 171, 'PABUARAN CILENDEK TIMUR NO. 57 RT 004 RW 008 KELURAHAN CILENDEK TIMUR KECAMATAN BOGOR BARAT, BOGOR, JAWA BARAT 16112', 1, 12, 12, 12, NULL, NULL, NULL),
(7, 7, '198603082019021001', 'ADI SETIADI, SP. M.Si', '0000-00-00', 1, 9, 'IPB', 2016, 7, 5, 5, '2020-01-02', 12, 'TAMAN DRAMAGA PERMAI 4 BLOK 1.9 NO. 10 RT. 02/15 KEL. CIHIDEUNG UDIK KEC. CIAMPEA, BOGOR, JAWA BARAT 16620', 1, 12, 12, 12, NULL, NULL, NULL),
(8, 8, '195708171986031001', 'PROF. DR. IR AGUS KARDINAN, M.SC', '0000-00-00', 1, 10, 'IPB', 2009, 8, 6, 6, '2007-01-10', 414, 'JLN. DAHLIA NO. 14 TAMAN CIMANGGU, BOGOR, JAWA BARAT 16710', 1, 12, 12, 12, NULL, NULL, NULL),
(9, 9, '196012241989031001', 'IR. AGUS RUHNAYAT', '0000-00-00', 1, 8, 'UNPAD', 1987, 9, 7, 7, '2016-01-04', 325, 'KP. SEMURWANGI RT. 91/07 KEL. KAYUMANIS KEC. TANAH SAREAL KOTA BOGOR', 1, 12, 12, 12, NULL, NULL, NULL),
(10, 10, '196001211985031002', 'DR. IR. AGUS WAHYUDI, MS.', '0000-00-00', 1, 10, 'IPB', 1996, 9, 7, 7, '2017-01-10', 404, 'JL. LALADON PERMAI G-2 CIOMAS, BOGOR, JAWA BARAT', 1, 12, 12, 12, NULL, NULL, NULL),
(11, 11, '196602191992031001', 'AHYAR, SP', '0000-00-00', 1, 8, 'Universitas Nusa Bangsa', 2010, 10, 8, 8, '2017-01-04', 288, 'CIMANGGU PESANTREN RT. 03/07 KD. WARINGIN, TANAH SAREAL, KOTA BOGOR, JAWA BARAT 16163', 1, 12, 12, 12, NULL, NULL, NULL),
(12, 12, '198109142012121001', 'AINUL FOHAN', '0000-00-00', 1, 3, 'SMK YKTB 2', 2000, 2, 2, 2, '2012-01-12', 170, 'RAWAJATI 001/008 MEKAR WANGI, TANAH SAREAL, BOGOR, JAWA BARAT', 1, 12, 12, 12, NULL, NULL, NULL),
(13, 13, '196305271989032002', 'DRA AMALIA', '0000-00-00', 1, 8, 'UNPAK', 1988, 11, 9, 9, '2001-01-04', 325, 'KOMP BALIITRO FF17 KAYU MANIS, KOTA BOGOR, JAWA BARAT 16169', 1, 12, 12, 12, NULL, NULL, NULL),
(14, 14, '196307151992101001', 'ANA SUYATNA', '0000-00-00', 1, 3, 'SMA', 1984, 5, 5, 5, '2014-01-04', 288, 'SEREMPED RT 02/13 CIBADAK TANAH SEREAL, KOTA BOGOR, JAWA BARAT', 1, 12, 12, 12, NULL, NULL, NULL),
(15, 15, '196902022012121002', 'ANAM YUSUF', '0000-00-00', 1, 3, 'SGO BOGOR', 1989, 2, 1, 1, '2017-01-04', 204, 'CIMANGGU WATES 003/005 KEDUNG JAYA, TANAH SAREAL, BOGOR, JAWA BARAT', 1, 12, 12, 12, NULL, NULL, NULL),
(16, 16, '198703112014032001', 'ANDRIANA KARTIKAWATI, SP', '0000-00-00', 1, 8, 'UNIVERSITAS GADJAH MADA', 2013, 12, 5, 5, '2018-01-04', 49, 'BAKALAN RT.01/05 SAWANGAN, MAGELANG, JAWA TENGAH 56481', 1, 12, 12, 12, NULL, NULL, NULL),
(17, 17, '196704071991031001', 'ASRI', '0000-00-00', 1, 1, 'SD', 1988, 2, 2, 2, '2007-01-04', 240, 'JL KENANGA PERMAI RT. 05/15 KEL. MENTENG KEC. BOGOR BARAT, BOGOR, JAWA BARAT 16111', 1, 12, 12, 12, NULL, NULL, NULL),
(18, 18, '197212042007011001', 'ATANG', '0000-00-00', 1, 3, 'PAKET C PKBM KARTNI', 2011, 13, 1, 1, '2019-01-10', 174, 'CIMANGGU GG MESJID RT.5/4 KEL. KEDUNGJAYA, BOGOR, JAWA BARAT', 1, 12, 12, 12, NULL, NULL, NULL),
(19, 19, '196511102007011001', 'AZIS SUPARMAN', '0000-00-00', 1, 3, 'STM Penerbangan', 1985, 14, 10, 10, '2016-01-10', 318, 'JL. MANUNGGAL II RT. 2/15 KEL. MENTENG, BOGOR, JAWA BARAT 16111', 1, 12, 12, 12, NULL, NULL, NULL),
(20, 20, '196706022006042011', 'IR BAGEM BR SEMBIRING', '0000-00-00', 2, 8, 'UNILA BANDAR LAMPUNG', 1990, 9, 11, 11, '2018-01-04', 288, 'Bukit Mekar Wangi Blok C6 No.35, Mekar Wangi Kec. Tanah Sareal, KOTA BOGOR, JAWA BARAT 16168', 1, 12, 12, 12, NULL, NULL, NULL),
(21, 21, '197407022014071002', 'BUDI RACHMAT', '0000-00-00', 1, 3, 'SMA SWASTA BINA SEJAHTERA', 1994, 3, 1, 1, '2018-01-10', 234, 'KP. SITU PETE RT. 001/RW. 001 SUKADAMAI TANAH SAREAL, BOGOR, BOGOR, JAWA BARAT', 1, 12, 12, 12, NULL, NULL, NULL),
(22, 22, '197305012007011001', 'BUDIMAN', '0000-00-00', 1, 3, 'STM Suryakencana Yapis', 1992, 15, 10, 10, '2019-01-04', 264, 'CEMPLANG UTARA RT. 1/13 BOGOR BARAT, BOGOR, JAWA BARAT 16162', 1, 12, 12, 12, NULL, NULL, NULL),
(23, 23, '196409152006041010', 'IR. BURHANUDDIN', '0000-00-00', 1, 8, 'UNIVERSITAS MAHAPUTRA MUHAMMAD YAMI', 1992, 11, 8, 8, '2017-01-10', 330, 'KOMPLEK KP. LAING KEL. LAING KECAMATAN TANJUNG HAR, KOTA SOLOK, SUMATERA BARAT 27325', 1, 12, 12, 12, NULL, NULL, NULL),
(24, 24, '197410022012122001', 'CARMANAH', '0000-00-00', 1, 2, 'PAKET B PKBM JAYA GIRI-LEMBANG', 2014, 2, 12, 12, '2016-01-10', 246, 'JL. MANOKO, KP. SUKALAKSANA, CIKAHURIPAN, LEMBANG, BANDUNG, JAWA BARAT', 1, 12, 12, 12, NULL, NULL, NULL),
(25, 25, '196103111992031002', 'DRS. CHEPPY SYUKUR', '0000-00-00', 1, 8, 'UNIV. PAKUAN', 1994, 9, 7, 7, '2016-01-10', 338, 'BOGOR RAYA PERMAI FD 07/17, BOGOR, JAWA BARAT', 1, 12, 12, 12, NULL, NULL, NULL),
(26, 26, '196207051991032001', 'CICIH', '0000-00-00', 1, 2, 'PAKE C BOGOR TENGAH', 2007, 16, 3, 3, '2015-01-04', 300, 'JL MANUNGGAL II RT.2/15 BOGOR, BOGOR, JAWA BARAT 16111', 1, 12, 12, 12, NULL, NULL, NULL),
(27, 27, '196407241998031001', 'DADANG SUPRIYADI', '0000-00-00', 1, 2, 'SMPN 6 BOGOR', 1982, 2, 3, 3, '2018-01-04', 336, 'JL. A. YANI BLK. 30 RT. 02/IV TANAH SAREAL, BOGOR, JAWA BARAT 16161', 1, 12, 12, 12, NULL, NULL, NULL),
(28, 28, '197402062012122001', 'DEDEH', '0000-00-00', 1, 3, 'PAKET C PKBM JAYAGIRI', 2017, 2, 2, 2, '2019-01-04', 147, 'KP. SUKALAKSANA RT.02/02 KEL. CIKAHURIPAN KEC. LEMBANG KAB. BOGOR BARAT', 1, 12, 12, 12, NULL, NULL, NULL),
(29, 29, '198007302012121002', 'DEDI MULYADI', '0000-00-00', 1, 3, 'PAKET C NURUL HIDAYAH', 2017, 2, 2, 2, '2019-01-04', 204, 'CILENDEK TIMUR 005/008 CILENDEK TIMUR, BOGOR BARAT, BOGOR, JAWA BARAT', 1, 12, 12, 12, NULL, NULL, NULL),
(30, 30, '196812011998031001', 'DEDI ROSADI', '0000-00-00', 1, 3, 'STM', 1987, 17, 5, 5, '2017-01-04', 216, 'KP. SUMURWANGI RT. 01/07 KEL KAYUMANIS TANAH SAREA, BOGOR, JAWA BARAT', 1, 12, 12, 12, NULL, NULL, NULL),
(31, 31, '197010222007011001', 'DEDY KUSTIWA', '0000-00-00', 1, 3, 'SMA YPK', 1990, 4, 4, 4, '2017-01-04', 216, 'KP. PERTANIAN RT. 2/8 KEL. MENTENG, BOGOR, JAWA BARAT 16111', 1, 12, 12, 12, NULL, NULL, NULL),
(32, 32, '197303312007011017', 'DENI HERDIAN', '0000-00-00', 1, 1, 'SDN Cimanggu II', 1987, 18, 13, 13, '2019-01-04', 288, 'CIMANGGU GG. MANTRI GURU RT. 4/1, BOGOR, JAWA BARAT', 1, 12, 12, 12, NULL, NULL, NULL),
(33, 33, '196705161994032001', 'DR. IR. DEVI RUSMIN, M.SI', '0000-00-00', 1, 10, 'IPB BOGOR', 2016, 9, 14, 14, '2019-01-10', 318, 'KOMPLEK BALITTRO FF.62 RT.4/7 KAYUMANIS, BOGOR, JAWA BARAT', 1, 12, 12, 12, NULL, NULL, NULL),
(34, 34, '198203262014072001', 'DIAN EKA RAHMAWATI', '0000-00-00', 1, 3, 'SMK PGRI I', 2000, 19, 1, 1, '2018-01-10', 213, 'JL. KENANGA PERMAI BLOK. EE NO. 74 RT. 05/ RW. 15 KEL. MENTENG, BOGOR, BOGOR, JAWA BARAT 16111', 1, 12, 12, 12, NULL, NULL, NULL),
(35, 35, '198511082009122004', 'DINI FLORINA, SP', '0000-00-00', 1, 8, 'IPB', 2009, 12, 5, 5, '2014-01-04', 76, 'JL. SINDANG BARANG SEKOLAHAN NO.7 RT.2. RW. 09 KEL. SINDANG BARANG KEC. BOGOR BARAT, BOGOR, JAWA BARAT 16117', 1, 12, 12, 12, NULL, NULL, NULL),
(36, 36, '196605081993031001', 'DR. IR. DONO WAHYUNO', '0000-00-00', 1, 10, 'University of Tsukuba', 2002, 9, 14, 14, '2018-01-10', 332, 'KOMPLEK BALITTRO FF.44 KEL. KAYUMANIS, KEC. TANAH, BOGOR, JAWA BARAT 16169', 1, 12, 12, 12, NULL, NULL, NULL),
(37, 37, '195504081979032001', 'DR. IR. DYAH MANOHARA', '0000-00-00', 2, 10, 'IPB', 1988, 8, 6, 6, '2010-01-10', 475, 'KOMP PUSLITBANGTRI GG. KAYU MANIS NO. 6, BOGOR, JAWA BARAT 16111', 1, 12, 12, 12, NULL, NULL, NULL),
(38, 38, '196903152014071004', 'EDI ARMADI', '0000-00-00', 1, 1, 'SD PERSAMAAN (PAKET A)', 2002, 1, 15, 15, '2018-01-10', 270, 'BELAKANG BMA RT. 004/011 MENTENG, BOGOR BARAT, BOGOR, JAWA BARAT 16111', 1, 12, 12, 12, NULL, NULL, NULL),
(39, 39, '198501122014032001', 'EDININGSIH, S.SI', '0000-00-00', 1, 8, 'UNIVERSITAS GADJAH MADA', 2008, 12, 4, 4, '2015-01-07', 28, 'MENTENG ASRI, BOGOR, JAWA BARAT', 1, 12, 12, 12, NULL, NULL, NULL),
(40, 40, '197601292007012001', 'EFIANA, S.MN', '0000-00-00', 1, 8, 'UNIVERSITAS TERBUKA', 2012, 20, 8, 8, '2018-01-10', 216, 'Jl. Kenaga Permai Blok. EE. 55 Rt. 05/XV Kel. Menteng Kecamatan Bogor Barat, BOGOR, JAWA BARAT 16111', 1, 12, 12, 12, NULL, NULL, NULL),
(41, 41, '196408291992031001', 'EFRIZAL', '0000-00-00', 1, 3, 'Paket C Kanwil Departemen Pendidika', 1998, 21, 5, 5, '2019-01-10', 318, 'KOMPLEK KEBUN PERCOBAAN LAING RT. 02/02 KEL. LAING KEC. TANJUNG HARAPAN KOTA SOLOK, SOLOK, SUMATERA BARAT 27325', 1, 12, 12, 12, NULL, NULL, NULL),
(42, 42, '196206101992031001', 'EKO HAMIDI', '0000-00-00', 1, 3, 'SMEA', 1982, 17, 5, 5, '2011-01-04', 341, 'JL MANUNGGAL RT 002/15 BOGOR, BOGOR, JAWA BARAT 16111', 1, 12, 12, 12, NULL, NULL, NULL),
(43, 43, '196102141986032001', 'IR. EKWASITA RINI PRIBADI', '0000-00-00', 1, 8, 'IPB', 1984, 9, 14, 14, '2014-01-10', 374, 'KOMP PUSLITBANGTRI GG. KAYU MANIS NO. 9 RT. 03/15, BOGOR, JAWA BARAT 16111', 1, 12, 12, 12, NULL, NULL, NULL),
(44, 44, '197309231993032002', 'ELIZA MAYURA, SP', '0000-00-00', 1, 8, 'UMMY', 2011, 12, 5, 5, '2013-01-04', 217, 'GUGUK SARAI.109 KEC. IX KOTO SUNGAI LASI KAB SOLOK, SOLOK, SUMATERA BARAT', 1, 12, 12, 12, NULL, NULL, NULL),
(45, 45, '195508031983032001', 'DRA. ENDANG HADIPOENTYANTI, MS', '0000-00-00', 1, 9, 'UGM YOGYAKARTA', 1989, 8, 6, 6, '2013-01-04', 397, 'BUMI PANGGUGAH CIOMAS JL. ANGGREK III/6 BOGOR, BOGOR, JAWA BARAT 16610', 1, 12, 12, 12, NULL, NULL, NULL),
(46, 46, '196611011992031001', 'ENDANG SUGANDI', '0000-00-00', 1, 3, 'SMA (PERSAMAAN) PAKET C', 1995, 22, 5, 5, '2016-01-04', 276, 'KOMP PERTANIAN RT 01/08 MENTENG BOGOR, BOGOR, JAWA BARAT 16111', 1, 12, 12, 12, NULL, NULL, NULL),
(47, 47, '196707021998031002', 'ENDANG SUHERMAN', '0000-00-00', 1, 3, 'SMKN 2 BOGOR', 1987, 18, 5, 5, '2017-01-04', 264, 'DS KEDUNG HALANG RT 05/04 TANAH SEREAL, BOGOR, JAWA BARAT', 1, 12, 12, 12, NULL, NULL, NULL),
(48, 48, '196505021992041001', 'ENDANG SUTISNA, SE', '0000-00-00', 1, 8, 'UIK BOGOR', 1995, 23, 9, 9, '2014-01-04', 307, 'BTN CIAMPEA ASRI BLOK. C6 NO. 2, BOGOR, JAWA BARAT 16620', 1, 12, 12, 12, 'tanda_tangan.jpeg', NULL, NULL),
(49, 49, '197009152007011001', 'ENGGI SUGIMAN', '0000-00-00', 1, 3, 'SMA Muhamadiyah', 1990, 4, 5, 5, '2018-01-10', 216, 'BUKIT CASIAVERA KAYU MANIS FF 15 RT.03/RW 007 TANAH SAREAL, BOGOR BARAT, JAWA BARAT 16169', 1, 12, 12, 12, NULL, NULL, NULL),
(50, 50, '196807092007011001', 'ENTJEP RACHMAT KABUL', '0000-00-00', 1, 3, 'SMA PGRI I', 1987, 5, 10, 10, '2019-01-04', 336, 'CIMANGGU GG. PAHLAWAN RT 003 RW 002 KELURAHAN KEDUNG JAYA KEC. TANAH SAREAL, BOGOR, JAWA BARAT 16164', 1, 12, 12, 12, NULL, NULL, NULL),
(51, 51, '196503052006042006', 'ERMA SURYANI, SP', '0000-00-00', 1, 8, 'UNIV. MAHA PUTRA M YAMIN', 1997, 11, 8, 8, '2019-01-04', 336, 'Rt 01. Rw 01 LAING PASIR KEL. LAING, KOTA SOLOK, SUMATERA BARAT 27325', 1, 12, 12, 12, NULL, NULL, NULL),
(52, 52, '196204271992032001', 'IR. ERMIATI', '0000-00-00', 1, 8, 'UNAND', 1988, 9, 14, 14, '2019-01-04', 336, 'JL. MONCOKERTO III 40.10 C RT 7/RW 13 UTAN KAYU SELATAN JAKARTA TIMUR, JAKARTA, D.K.I. JAKARTA', 1, 12, 12, 12, NULL, NULL, NULL),
(53, 53, '196801161994032002', 'DR. IR. EVI SAVITRI IRIANI, M.SI', '0000-00-00', 1, 10, 'IPB', 2013, 24, 14, 14, '2018-01-10', 295, 'KPP IPB BARANANGSIANG 3 BLOK G-6, BOGOR, JAWA BARAT 16129', 1, 12, 12, 12, 'tanda_tangan.jpeg', NULL, NULL),
(54, 54, '197502022014071002', 'FACHRUDIN', '0000-00-00', 1, 3, 'SMA SWASTA RIMBA MADYA', 1993, 18, 1, 1, '2018-01-10', 270, 'JL. KENANGA PERMAI BLOK. EE NO. 42 RT. 005/RW. 015 MENTENG, BOGOR BARAT, BOGOR, JAWA BARAT 16111', 1, 12, 12, 12, NULL, NULL, NULL),
(55, 55, '196206211990031002', 'IR. FERI MANOI', '0000-00-00', 2, 8, 'UNSRAT', 1986, 9, 14, 14, '2013-01-04', 324, 'JL. KENANGA PERMAI BLOK DD NO. 52 KEL. MENTENG KEC. BOGOR BARAT, BOGOR, JAWA BARAT 16111', 1, 12, 12, 12, NULL, NULL, NULL),
(56, 56, '199401252019021001', 'GALIH PERKASA, A.MD', '0000-00-00', 1, 6, 'UNIVERSITAS SEBELAS MARET SURAKARTA', 2015, 25, 3, 3, '2020-01-02', 48, 'DANUKUSUMAN RT.03/01 KEL. DANUKUSUMAN KEC. SERENGAN, SURAKARTA, JAWA TENGAH 57156', 1, 12, 12, 12, NULL, NULL, NULL),
(57, 57, '196708131994032001', 'DR. IR. GUSMAINI, MSI', '0000-00-00', 1, 10, 'IPB', 2014, 9, 11, 11, '2013-01-10', 271, 'TAMAN CIMANGGU TENGAH SI/3 BOGOR, BOGOR, JAWA BARAT 16710', 1, 12, 12, 12, NULL, NULL, NULL),
(58, 58, '196907291994031001', 'HARIRY HADI', '0000-00-00', 1, 3, 'STM', 1988, 5, 5, 5, '2017-01-04', 217, 'KOMPLEK BALITTRO BOGOR, BOGOR, JAWA BARAT 16111', 1, 12, 12, 12, NULL, NULL, NULL),
(59, 59, '196203031989031003', 'HARIS SUHARIS', '0000-00-00', 1, 3, 'SMEA PGRI 1 BOGOR', 1980, 5, 5, 5, '2008-01-10', 354, 'GUNUNG BATU PURBASARI RT.02/III KEL. GUNUNG BATU KEC. BOGOR BARAT', 1, 12, 12, 12, NULL, NULL, NULL),
(60, 60, '196411262007102001', 'HASNAWATI', '0000-00-00', 1, 3, 'SAKMA', 1984, 14, 3, 3, '2016-01-10', 210, 'LAING TALUAK RT. 03/02 KEL. LAING KEC. TANJUNG HARAPAN KOTA SOLOK, SOLOK, SUMATERA BARAT', 1, 12, 12, 12, NULL, NULL, NULL),
(61, 61, '196205161987031003', 'HEDI MEDIANSYAH, SE', '0000-00-00', 1, 8, '', 1994, 26, 9, 9, '2007-01-10', 354, ' JL. KACAPIRING  II/8 TAMAN CIMANGGU RT. 01/12 KELURAHAN KEDUNG WARINGIN KEC TANAH SAREAL', 1, 12, 12, 12, 'tanda_tangan.jpeg', NULL, NULL),
(62, 62, '197112012012121005', 'HENDI SUNANDAR', '0000-00-00', 1, 3, 'SMAN LEMBANG', 1991, 3, 1, 1, '2017-01-10', 246, 'KP. POJOK TENGAH, DESA CIKAHURIPAN, LEMBANG, BANDUNG, JAWA BARAT 40391', 1, 12, 12, 12, NULL, NULL, NULL),
(63, 63, '197910302008121001', 'HENDRA CIPTA', '0000-00-00', 1, 3, 'SMA PGRI CICURUG', 1999, 4, 4, 4, '2017-01-04', 119, 'KP. CILAYUR RT.01/01 TENJO AYU CICURUG, SUKABUMI, JAWA BARAT', 1, 12, 12, 12, NULL, NULL, NULL),
(64, 64, '197308172014072001', 'HENI GUSTINI', '0000-00-00', 1, 2, 'PKBM KARYA NYATA MKGR (PAKET B)', 2009, 27, 12, 12, '2018-01-04', 288, 'Pabuaran Pesantren Rt 001/Rw 006 Kel. Kedung Waringin Kec.Tanah Sareal, Kota Bogor, JAWA BARAT', 1, 12, 12, 12, NULL, NULL, NULL),
(65, 65, '196312241992031002', 'HERMAN, SP', '0000-00-00', 1, 8, 'UNIVERSITAS MUHAMMAD YAMIN', 2004, 28, 9, 9, '2017-01-10', 330, 'JL. RAWANG GUMANTA II RT.01/01 KEC. AGRO IV KORONG KEC. LUBUK SIKARAH', 1, 12, 12, 12, NULL, NULL, NULL),
(66, 66, '196403131992031001', 'DR. IR. HERMANTO, MSI', '0000-00-00', 1, 10, 'IPB', 2012, 9, 11, 11, '2008-01-04', 289, 'JL. JAERAN NO. 34 RT.3/1 KEL CINERE KEC. CINERE DEPOK', 1, 12, 12, 12, NULL, NULL, NULL),
(67, 67, '195808061987032001', 'DRA. HERWITA IDRIS', '0000-00-00', 1, 8, 'UNAND', 1982, 8, 16, 16, '2016-01-10', 372, 'KOMPLEK KP. LAING SOLOK, SOLOK 27325', 1, 12, 12, 12, NULL, NULL, NULL),
(68, 68, '196707182014072002', 'HETI SOLIHAT', '0000-00-00', 1, 2, 'PKBM KARTINI-BOGOR (PAKET B)', 2014, 27, 12, 12, '2018-01-04', 309, 'BELAKANG KEL. MENTENG RT.01/20 KEL. MENTENG KEC. BOGOR BARAT', 1, 12, 12, 12, NULL, NULL, NULL),
(69, 69, '198212282009011009', 'HIKMAT MULYANA, S.Si', '0000-00-00', 1, 8, 'ST MIPA', 2013, 29, 4, 4, '2016-01-04', 63, 'CILEDUG INDAH II. E29/31 RT. 006/008 PEDURENAN, KARANG TENGAH, KOTA TANGERANG, BANTEN', 1, 12, 12, 12, NULL, NULL, NULL),
(70, 70, '196612141993031002', 'IDAM HOLID, A.MD.', '0000-00-00', 1, 6, 'APP Bogor', 2001, 10, 9, 9, '2017-01-04', 287, 'KP. CINANGKA RT.07/04 DESA CINANGKA KEC. BUNGURSAR, PURWAKARTA, JAWA BARAT 41181', 1, 12, 12, 12, NULL, NULL, NULL),
(71, 71, '197306142012122001', 'IDAR', '0000-00-00', 1, 2, 'PAKET B PKBM JAYA GIRI-LEMBANG', 2014, 2, 12, 12, '2016-01-10', 234, 'KP. SUKALAKSANA, CIKAHURIPAN, LEMBANG, BANDUNG, JAWA BARAT', 1, 12, 12, 12, NULL, NULL, NULL),
(72, 72, '198302272012121004', 'IDIK PAHRUROJI', '0000-00-00', 1, 3, 'PAKET C PKBM SEJAHTERA', 2017, 2, 2, 2, '2019-01-04', 0, 'KP. KUTA RT. 02/01 DESA TENJOAYU KEC. CICURUG SUKABUMI', 1, 12, 12, 12, NULL, NULL, NULL),
(73, 73, '196709201992031004', 'II APANDI', '0000-00-00', 1, 3, 'SMA SWASTA PGRI 41 KAB. TASIKMALAYA', 1988, 5, 5, 5, '2012-01-04', 264, 'KP CINANGKA-KEC CEMPAKA PURWAKARTA, PURWAKARTA, JAWA BARAT 41181', 1, 12, 12, 12, NULL, NULL, NULL),
(74, 74, '199001012019022004', 'INDAH KURNIASARI, SP. M.Si', '0000-00-00', 1, 9, 'IPB', 2017, 7, 5, 5, '2020-01-02', 12, 'KOMPLEK HEGAR ALAM NO. 29 RT. 01/22 KEL. SUMUR PECUNG KEC. SERANG, KOTA SERANG, BANTEN 42118', 1, 12, 12, 12, NULL, NULL, NULL),
(75, 75, '196207271986031001', 'IRA ANDRIAN', '0000-00-00', 1, 5, 'INSTITUT PERTANIAN BOGOR', 1992, 30, 5, 5, '2006-01-04', 382, 'PERUMNAS TAMAN ASRI E5 HALABAN KUBUNG, SOLOK, SUMATERA BARAT 27362', 1, 12, 12, 12, NULL, NULL, NULL),
(76, 76, '195811281986032002', 'DR. IR. IRENG DARWATI', '0000-00-00', 1, 10, 'IPB', 2007, 8, 16, 16, '2018-01-10', 416, 'BUMI PANGGUGAH JL. FLAMBOYAN NO. 11 CIOMAS, BOGOR, JAWA BARAT 16610', 1, 12, 12, 12, NULL, NULL, NULL),
(77, 77, '198501122012122001', 'IRNI INDRIYANI', '0000-00-00', 1, 3, 'Paket C PKBM Sejahtera', 2008, 3, 2, 2, '2016-01-10', 127, 'KP. BENTENG RT. 02/05 DESA KUTAJAYA KEC. CICURUG, SUKABUMI, JAWA BARAT 43359', 1, 12, 12, 12, NULL, NULL, NULL),
(78, 78, '196510041992031001', 'IRWANDI, SP', '0000-00-00', 1, 8, 'UNIV. MAHAPUTRA M. YAMIN', 1998, 28, 9, 9, '2015-01-10', 261, 'PERUMNAS TANJUNG HARAPAN INDAH TANJUNG PAKU.KOTA SOLOK, SOLOK, SUMATERA BARAT 27324', 1, 12, 12, 12, NULL, NULL, NULL),
(79, 79, '196606052007011001', 'ISNGAD', '0000-00-00', 1, 3, 'STMN Purwokerto Timur', 1986, 31, 10, 10, '2019-01-04', 324, ',', 1, 12, 12, 12, NULL, NULL, NULL),
(80, 80, '197707252014071001', 'IYAN MARDIANSYAH', '0000-00-00', 1, 2, 'PKBM JATI MEKAR (PAKET B)', 2007, 27, 12, 12, '2018-01-04', 252, ',', 1, 12, 12, 12, NULL, NULL, NULL),
(81, 81, '196505122006041010', 'JAENUDIN', '0000-00-00', 1, 3, 'STM', 1986, 32, 10, 10, '2018-01-04', 344, 'JL. MANUNGGAL 2 RT.02/RW.15, BOGOR, JAWA BARAT 16111', 1, 12, 12, 12, NULL, NULL, NULL),
(82, 82, '197502282007011002', 'JAJAT DARAJAT, SP', '0000-00-00', 1, 8, 'Universitas Nusa Bangsa', 2012, 12, 5, 5, '2018-01-04', 207, 'CILUAR KEDUNG HALANG BTN CILUAR PERMAI RT 08 RW 09 NO.2 JL. BELIMBING D.1, BOGOR, JAWA BARAT', 1, 12, 12, 12, NULL, NULL, NULL),
(83, 83, '196401031991021001', 'JAJAT SUDRAJAT', '0000-00-00', 1, 3, 'SMT', 1984, 10, 8, 8, '2016-01-04', 312, 'KOMPLEK KP. MANOKO RT. 1/2 LEMBANG, KAB. BANDUNG, JAWA BARAT 40391', 1, 12, 12, 12, NULL, NULL, NULL),
(84, 84, '196507091993031005', 'DR. IR. JOKO PITONO', '0000-00-00', 1, 10, 'OKOYAMA UNIVERSITY', 2005, 9, 11, 11, '2015-01-04', 221, 'JL. KAKTUS I NO.10 TMN. CIMANGGU, KEL. KEDUNG WARINGIN KEC. TANAH SAREAL, BOGOR, JAWA BARAT 16630', 1, 12, 12, 12, NULL, NULL, NULL),
(85, 85, '196802011991031001', 'JUHRI', '0000-00-00', 1, 3, 'Paket C PKBM Damai Mekar', 2009, 2, 10, 10, '2015-01-04', 288, 'CILENDEK TIMUR RT.03/04 KEC. BOGOR BARAT, BOGOR, JAWA BARAT', 1, 12, 12, 12, NULL, NULL, NULL),
(86, 86, '196801012007011003', 'JUNAEDI', '0000-00-00', 1, 2, 'SMP PGRI IX', 1986, 1, 1, 1, '2019-01-04', 216, ',', 1, 12, 12, 12, NULL, NULL, NULL),
(87, 87, '196603141991031003', 'KAMAL ISKANDAR', '0000-00-00', 1, 1, 'SD', 1986, 32, 2, 2, '2007-01-04', 276, 'KOMPLEK KP. MANOKO RT. 1/2 LEMBANG, BANDUNG, JAWA BARAT 40391', 1, 12, 12, 12, NULL, NULL, NULL),
(88, 88, '196504011988031023', 'KANDA SUKANDI', '0000-00-00', 1, 3, 'SPMA', 1985, 10, 9, 9, '2016-01-04', 310, 'KP CINANGKA-KEC. BUNGURSARI, PURWAKARTA, JAWA BARAT 41181', 1, 12, 12, 12, NULL, NULL, NULL),
(89, 89, '197405132007011001', 'KARYANA T. ARIPIN', '0000-00-00', 1, 2, 'PAKET B DINAS PROP. JAWA BARAT', 2002, 2, 13, 13, '2019-01-04', 336, 'TAMAN CIMANGGU GG.MUSHOLA RT02/08 KEL. KEDUNG JAYA KEC. TANAH SAREAL KOTA BOGOR, BOGOR, JAWA BARAT', 1, 12, 12, 12, NULL, NULL, NULL),
(90, 90, '196509011998031002', 'KASTOYO', '0000-00-00', 1, 3, 'SMEA', 1987, 5, 5, 5, '2017-01-04', 264, 'CIMANGGU GANG PESANTREN RT.01/07 KEL. KEDUNG WARINGIN KEC. TANAH SAREAL BOGOR', 1, 12, 12, 12, NULL, NULL, NULL),
(91, 91, '196207291991031001', 'KOHAR', '0000-00-00', 1, 2, 'SMP', 1981, 2, 3, 3, '2011-01-04', 348, 'JL. MANUNGGAL RT. 02/15 NO. E 84 KEL. MENTENG KEC. BOGOR BARAT, BOGOR, JAWA BARAT 16111', 1, 12, 12, 12, NULL, NULL, NULL),
(92, 92, '197212101991031001', 'KOMARUDIN', '0000-00-00', 1, 2, 'Paket B PKBM NURUL HIDAYAH', 2017, 1, 2, 2, '2007-01-04', 252, 'JL KENANGA PERMAI BLOK. EE NO. 78 KEL. MENTENG KEC. BOGOR BARAT', 1, 12, 12, 12, NULL, NULL, NULL),
(93, 93, '197008052006042028', 'KURNIATI', '0000-00-00', 1, 3, 'SWASTA BINA SEJAHTERA', 1989, 4, 4, 4, '2016-01-04', 228, 'JL. TENTARA PELAJAR KOMLK. PERTANIAN RT. 03/15 KEL. MENTENG KEC. BOGOR BARAT', 1, 12, 12, 12, NULL, NULL, NULL),
(94, 94, '197203132014071001', 'KUSNADI', '0000-00-00', 1, 2, 'PAKET B PKBM TITIAN MANDIRI', 2017, 1, 12, 12, '2019-01-10', 246, ' CILENDEK TIMUR RT. 2/7 KEL. CILENDEK TIMUR KEC. BOGOR BARAT', 1, 12, 12, 12, NULL, NULL, NULL),
(95, 95, '196605271991031002', 'KUSNADI', '0000-00-00', 1, 3, 'PAKET C PKBM KARTINI', 2011, 2, 3, 3, '2015-01-04', 312, 'JL MANUNGGAL II BOGOR, BOGOR, JAWA BARAT 16111', 1, 12, 12, 12, NULL, NULL, NULL),
(96, 96, '196503112006042005', 'LEMITA', '0000-00-00', 1, 3, 'SMA Solok', 1984, 5, 10, 10, '2018-01-04', 373, ',', 1, 12, 12, 12, NULL, NULL, NULL),
(97, 97, '196408241989102001', 'LINDA KIRANA', '0000-00-00', 1, 3, 'SMAN LAHAT', 1983, 23, 5, 5, '2009-01-10', 358, 'BTN TAMAN CIMANGGU BLOK V.I NO. 1 BOGOR, BOGOR, JAWA BARAT 16113', 1, 12, 12, 12, NULL, NULL, NULL),
(98, 98, '197104212007012001', 'LINDA MARIANI', '0000-00-00', 1, 3, 'SMA PGRI III', 1991, 33, 10, 10, '2019-01-04', 276, 'JL. KEMUNING III.BLOK.M/III RT.3/10 KEL. KEDUNG WARINGIN KEC. TANAH SAREAL, BOGOR, JAWA BARAT', 1, 12, 12, 12, NULL, NULL, NULL),
(99, 99, '197901072006042023', 'LUSIA SETI PALINDUNG, A.Md', '0000-00-00', 3, 6, 'IPB', 2014, 14, 10, 10, '2019-01-10', 246, 'BABAKAN CIOMAS RT.01/09, BOGOR, JAWA BARAT', 1, 12, 12, 12, NULL, NULL, NULL),
(100, 100, '196310151987031003', 'M SAMSI', '0000-00-00', 1, 3, 'SMA', 1984, 5, 5, 5, '2007-01-04', 300, 'CIBALAGUNG RT. 03/05 BOGOR, BOGOR BARAT, JAWA BARAT', 1, 12, 12, 12, NULL, NULL, NULL),
(101, 101, '196301011990031002', 'MADROPI', '0000-00-00', 1, 3, 'SMA SWASTA WASKITA', 1984, 33, 5, 5, '2010-01-04', 316, 'KOMPLEK PERUMAHAN KP. SUKAMULIA, SUKABUMI, JAWA BARAT 43155', 1, 12, 12, 12, NULL, NULL, NULL),
(102, 102, '198203112008012019', 'MAKRUFFIANA WIJAYANTI, S.Si', '0000-00-00', 1, 8, 'Universitas Nusa Bangsa', 2014, 29, 4, 4, '2016-01-04', 75, ',', 1, 12, 12, 12, NULL, NULL, NULL),
(103, 103, '196509291990021001', 'MAMAN RESMANA', '0000-00-00', 1, 3, 'SPMA TANJUNGSARI', 1985, 10, 9, 9, '2013-01-10', 258, 'KOMPLEK KP. MANOKO RT. 1/2 LEMBANG, KAB. BANDUNG, JAWA BARAT 40391', 1, 12, 12, 12, NULL, NULL, NULL),
(104, 104, '199103132018012001', 'MARIANA SUSILOWATI, SP, M.SI', '0000-00-00', 1, 9, 'Institut Pertanian Bogor', 2017, 12, 5, 5, '2019-01-01', 12, 'JL. CEBONGAN RAYA RT.01 RW.01, KEL CEBONGAN, KEC. ARGOMULYO, SALATIGA, JAWA TENGAH 50736', 1, 12, 12, 12, NULL, NULL, NULL),
(105, 105, '197407162007011001', 'MARIZAL M', '0000-00-00', 1, 3, 'SPPN', 1994, 14, 1, 1, '2011-01-04', 240, 'KP. LAING SOLOK, SOLOK, SUMATERA BARAT', 1, 12, 12, 12, NULL, NULL, NULL),
(106, 106, '199206142018012001', 'MARLINA PUSPITA SARI, SP, M.SC', '0000-00-00', 1, 9, 'Universitas Gadjah Mada', 2016, 12, 5, 5, '2019-01-01', 12, 'JL. NOGOPURO 22, KEL. CATURTUNGGAL, KEC. DEPOK, SLEMAN, D.I. YOGYAKARTA 55281', 1, 12, 12, 12, NULL, NULL, NULL),
(107, 107, '196511041992032001', 'MARSAULINA MANURUNG, S.Pd', '0000-00-00', 2, 8, 'arrahmaniyah', 2012, 23, 8, 8, '2018-01-10', 259, 'JL. KAPURAM RAYA BLOK.RAMBUTAN 12 RT.2/4 CIPAYUNG, DEPOK, JAWA BARAT', 1, 12, 12, 12, NULL, NULL, NULL),
(108, 108, '196501121993031001', 'MARYUDIN', '0000-00-00', 1, 3, 'SMEA Ganesa', 1985, 34, 5, 5, '2012-01-04', 264, 'DESA PADA SUKA RT. 01/II CIOMAS BOGOR, BOGOR, JAWA BARAT', 1, 12, 12, 12, 'tanda_tangan.jpeg', NULL, NULL),
(109, 109, '197605082001122001', 'MAY SUKMASARI, A.Md', '0000-00-00', 1, 6, 'AKADEMI KIMIA ANALIS', 1997, 4, 5, 5, '2015-01-10', 154, 'GRAHA PAJAJARAN, BLOK D/27, PARUNG BANTENG KATULAMPA, BOGOR TIMUR, BOGOR, JAWA BARAT 16144', 1, 12, 12, 12, NULL, NULL, NULL),
(110, 110, '198402082011012015', 'MAYA MARIANA, SP', '0000-00-00', 1, 8, 'IPB Bogor', 2007, 12, 5, 5, '2018-01-10', 93, 'JL. MANUNGGAL II RT.02/15 KEC. BOGOR BARAT, BOGOR, JAWA BARAT 16111', 1, 12, 12, 12, NULL, NULL, NULL),
(111, 111, '196805161998032001', 'Dr. Dra. MELATI, M.Si', '0000-00-00', 1, 10, 'IPB BOGOR', 2016, 11, 11, 11, '2018-01-10', 287, 'JL. KENANGA PERMAI BLOK EE NO.46 RT.5/5, BOGOR, JAWA BARAT 16111', 1, 12, 12, 12, NULL, NULL, NULL),
(112, 112, '196706272006041009', 'MIFTAHUDIN', '0000-00-00', 1, 3, 'SMA WASKITA', 1987, 17, 10, 10, '2018-01-04', 300, 'CILENDEK TIMUR RT. 02/01 KEL. CILENDEK TIMUR KEC. BOGOR BARAT', 1, 12, 12, 12, NULL, NULL, NULL),
(113, 113, '197706022002122001', 'MIFTAKHUROHMAH, SP. M.Si', '0000-00-00', 1, 9, 'Institut Pertanian Bogor', 2013, 11, 9, 9, '2018-01-10', 190, 'PERUM.GRIYA KARYA PERMAI BLOK C1 NO.5, BOGOR, JAWA BARAT 16115', 1, 12, 12, 12, NULL, NULL, NULL),
(114, 114, '198302092012121001', 'MOCHAMAD HARIS ZARKASIH', '0000-00-00', 1, 3, 'SMK ANGKASA 1 MARGAHAYU', 2002, 14, 3, 3, '2018-01-04', 183, 'JL. CIBOLERENG RT.02/06 MARGASUKA BABAKAN CIPARAY, BANDUNG, JAWA BARAT', 1, 12, 12, 12, NULL, NULL, NULL),
(115, 115, '196412021991031002', 'MOH ROMLI', '0000-00-00', 1, 1, 'SD', 1985, 1, 2, 2, '2007-01-04', 252, 'KOMPLEK PERTANIAN BLOK EE NO 23 KELURAHAN MENTENG, BOGOR, JAWA BARAT 16111', 1, 12, 12, 12, NULL, NULL, NULL),
(116, 116, '196009031983031016', 'DR. IR. MOLIDE RIZAL, MS', '0000-00-00', 1, 10, 'IPB', 1995, 9, 14, 14, '2012-01-10', 409, 'KOMP. BALITTRO KAV. CC30 CIMANGGU KECIL RT.01/11 K, BOGOR TENGAH, JAWA BARAT 16114', 1, 12, 12, 12, NULL, NULL, NULL),
(117, 117, '197110101999031001', 'MUHAMAD ISNAENI', '0000-00-00', 1, 3, 'SMEA SWASTA PGRI BOGOR', 1991, 35, 4, 4, '2019-01-04', 192, 'CIMANDALA RT. 7/01 DESA CIMANDALA KEC. SUKARAJA KAB. BOGOR', 1, 12, 12, 12, NULL, NULL, NULL),
(118, 118, '197201091994031001', 'MUHAMAD KUSNADI', '0000-00-00', 1, 3, 'STM', 1991, 4, 5, 5, '2015-01-10', 211, 'PANCASAN BARU RT.2/12 NO.20 BOGOR, BOGOR, JAWA BARAT', 1, 12, 12, 12, NULL, NULL, NULL),
(119, 119, '197212022007011001', 'MUHAMMAD ZAINUDDIN', '0000-00-00', 1, 3, 'SMA Muhamadiyah 2', 1991, 4, 5, 5, '2019-01-10', 258, 'CILEBUT LEBAK RT. 05 RW. 04 CILEBUT TIMUR KEC. SUKARAJA, BOGOR, JAWA BARAT 16710', 1, 12, 12, 12, NULL, NULL, NULL),
(120, 120, '197309032014071001', 'NANDANG RIVAI', '0000-00-00', 1, 3, 'Paket C. PKBM Nurul Hidayah', 2016, 36, 2, 2, '2017-01-10', 222, 'KOMPLEK PERTANIAN NO. 9 RT. 002/RW. 008 MENTENG, BOGOR BARAT, BOGOR, JAWA BARAT 16111', 1, 12, 12, 12, NULL, NULL, NULL),
(121, 121, '196711062006042011', 'NELVI', '0000-00-00', 1, 3, 'SMA NEGERI 1 SOLOK', 1987, 2, 10, 10, '2018-01-04', 312, 'KOMPLEK BALITTRO LAING SOLOK, KOTA SOLOK, SUMATERA BARAT 27325', 1, 12, 12, 12, NULL, NULL, NULL),
(122, 122, '196208301989032001', 'NENENG NORMA', '0000-00-00', 1, 3, 'SMA PGRI BOGOR', 1981, 33, 5, 5, '2009-01-04', 324, 'JL ARDIO GG IV NO.35A RT.01/06, BOGOR, JAWA BARAT 16124', 1, 12, 12, 12, NULL, NULL, NULL),
(123, 123, '196312311994041001', 'NIRISMAN, SP', '0000-00-00', 1, 8, 'UMMY', 2004, 5, 8, 8, '2017-01-10', 323, 'JL. IMAM BONJOL NO. 414 SOLOK, SOLOK, SUMATERA BARAT 27312', 1, 12, 12, 12, NULL, NULL, NULL),
(124, 124, '198605292009122006', 'NUR LAELA WAHYUNI MEILAWATI, SP. M.SI', '0000-00-00', 1, 9, 'IPB BOGOR', 2016, 12, 5, 5, '2014-01-04', 76, 'JALAN H. KAMANG BAWAH NO. 21 A RT. 002/010 PONDOK LABU, JAKARTA SELATAN, D.K.I. JAKARTA', 1, 12, 12, 12, NULL, NULL, NULL),
(125, 125, '196710102002122001', 'DRA. NUR MASLAHAH, M. SI', '0000-00-00', 1, 9, 'Institut Pertanian Bogor', 2012, 37, 11, 11, '2019-01-10', 282, 'KOMP. PERTANIAN NO.49 SINDANG BARANG-LOJI, BOGOR, JAWA BARAT 16610', 1, 12, 12, 12, 'tanda_tangan.jpeg', NULL, NULL),
(126, 126, '196702091992032002', 'NURBETTI BR TARIGAN, S.Pd', '0000-00-00', 2, 8, 'STKIP ARAHMANIYAH', 2012, 10, 9, 9, '2015-01-04', 246, 'PERUMAHAN VILA CIOMAS INDAH BLOK K.7 NO.1 Bogor 16610', 1, 12, 12, 12, NULL, NULL, NULL),
(127, 127, '196704021994032010', 'NURLELA', '0000-00-00', 1, 3, 'PAKET C KELMPOK RUMBIO INDAH', 2004, 38, 10, 10, '2017-01-10', 318, 'LAING TALUAK RT. 01/02 KEL. LAING KEC. TANJUNG HARAPAN, SOLOK, SUMATERA BARAT 27325', 1, 12, 12, 12, NULL, NULL, NULL),
(128, 128, '195912171986032003', 'DR. IR. NURLIANI BERMAWIE', '0000-00-00', 1, 10, 'UNIVERSITY READING', 1990, 8, 6, 6, '2016-01-04', 377, 'JL. CIMANGGU KECIL CC 28 BOGOR, BOGOR, JAWA BARAT 16114', 1, 12, 12, 12, NULL, NULL, NULL),
(129, 129, '195709071986031002', 'DRS. NURMANSYAH', '0000-00-00', 1, 8, 'UNIVERSITAS ANDALAS PADANG', 1983, 8, 16, 16, '2014-01-10', 390, 'KOMPLEK KP. LAING SOLOK, SOLOK, SUMATERA BARAT 27325', 1, 12, 12, 12, NULL, NULL, NULL),
(130, 130, '196411041992032001', 'IR. NURSALAM SIRAIT', '0000-00-00', 2, 8, 'UMI MEDAN', 1990, 11, 9, 9, '2004-01-04', 289, 'PERUMAHAN CIOMAS PERMAI BLOCK C24 NO.11, BOGOR, JAWA BARAT 16610', 1, 12, 12, 12, NULL, NULL, NULL),
(131, 131, '196110041987032001', 'IR. OCTIVIA TRISILAWATI, M.SC', '0000-00-00', 1, 9, 'UNIV PHILIPPINES', 1995, 8, 7, 7, '2014-01-10', 366, 'JL.ISMAYA 2 NO.13 BUMI INDRAPRASTA BOGOR, BOGOR, JAWA BARAT 16153', 1, 12, 12, 12, NULL, NULL, NULL),
(132, 132, '196402261989032001', 'DR. OTIH ROSTIANA, M.Sc', '0000-00-00', 1, 10, 'Tokyo University of Agriculture and', 2000, 8, 6, 6, '2016-01-10', 384, 'PURI NIRWANA 3 AM-31 KARADENAN CIBINONG, BOGOR, JAWA BARAT', 1, 12, 12, 12, NULL, NULL, NULL),
(133, 133, '198606172018012001', 'PARAMITA MARIS, SP, M.SC', '0000-00-00', 1, 9, 'Universitas Gadjah Mada', 2011, 12, 5, 5, '2019-01-01', 12, 'JAHIDAN RT.003 RW.02 NO.33, KEL. NGADIREJO, KEC. KARTASURA, SUKOHARJO, JAWA TENGAH 67163', 1, 12, 12, 12, NULL, NULL, NULL),
(134, 134, '197502032007012001', 'PUPUNG PURNAMAWATI, S.AP', '0000-00-00', 1, 8, 'Universitas Terbuka', 2011, 39, 5, 5, '2016-01-10', 198, 'JL. MANUNGGAL NO. 6 RT.01/15 KEL MENTENG, BOGOR, JAWA BARAT 16111', 1, 12, 12, 12, NULL, NULL, NULL),
(135, 135, '197402202001122001', 'RADEN HERA NURHAYATI, SP', '0000-00-00', 1, 8, 'IPB', 1997, 11, 8, 8, '2010-01-04', 204, 'GG. PESANTREN NO.1 RT.01/07 CIMANGGU, BOGOR, JAWA BARAT 16110', 1, 12, 12, 12, NULL, NULL, NULL),
(136, 136, '197211162012121001', 'RAMDHAN ARISMAYA', '0000-00-00', 1, 3, 'SMA PGRI 3', 1991, 14, 3, 3, '2018-01-10', 252, 'KENANGA PERMAI BLOK EE 74 005/015 MENTENG, BOGOR BARAT, BOGOR, JAWA BARAT', 1, 12, 12, 12, NULL, NULL, NULL),
(137, 137, '198303142014032001', 'RANI EKAYANTI, A.Md', '0000-00-00', 1, 6, 'AKADEMI KIMIA ANALIS', 2006, 14, 10, 10, '2018-01-04', 85, 'JL. MELATI NO. 9 RT. 02/10 CIOMAS, BOGOR, JAWA BARAT 16610', 1, 12, 12, 12, NULL, NULL, NULL),
(138, 138, '198911042015031001', 'REDY ADITYA PERMADI, SP', '0000-00-00', 1, 8, 'UNIVERSITAS PADJDJARAN BANDUNG', 2013, 12, 4, 4, '2016-01-07', 16, 'Komplek Mekar Baru Blok. C1 Rt. 04/10 Desa Mekarjaya kec. Ciomas, Bogor, JAWA BARAT', 1, 12, 12, 12, NULL, NULL, NULL),
(139, 139, '198511162012122002', 'RIKA NOVIANTI', '0000-00-00', 1, 3, 'PAKET C PKBM JAYAGIRI', 2014, 2, 2, 2, '2019-01-04', 123, 'KP. SUKALAKSANA RT. N04/02 DESA CIKAHURI[PAN, BANDUNG BARAT, JAWA BARAT', 1, 12, 12, 12, NULL, NULL, NULL),
(140, 140, '198502162009012007', 'RISMAYANI, SP', '0000-00-00', 1, 8, 'UNIV. HASANUDDIN', 2007, 12, 5, 5, '2013-01-04', 87, 'PERUMAHAN DELIMA RESIDENCE BLOK. C NO. 10 RT.002/0, BOGOR, JAWA BARAT', 1, 12, 12, 12, NULL, NULL, NULL),
(141, 141, '196704041994032001', 'DR. DRA. RITA NOVERIZA, MSC', '0000-00-00', 1, 10, 'IPB', 2013, 9, 14, 14, '2018-01-10', 288, 'CIOMAS PERMAI C.24 NO.33, BOGOR, JAWA BARAT 16610', 1, 12, 12, 12, NULL, NULL, NULL),
(142, 142, '198002292008012009', 'ROHIMATUN, .SP. MP', '0000-00-00', 1, 9, 'UNIV. SEBELAS MARET', 2006, 12, 9, 9, '2018-01-10', 129, 'JL. MEKAR SALUYU GG. TIMBUL BLOK. KAV. NO.14 RT.01/16 KEL. CILENDEK BARAT KEC. BOGOR BARAT, BOGOR, JAWA BARAT 16112', 1, 12, 12, 12, NULL, NULL, NULL),
(143, 143, '198209012012121003', 'ROHMAN NURHAKIM', '0000-00-00', 1, 2, 'PAKET B PKBM AL-FALAH', 2013, 2, 12, 12, '2016-01-10', 198, 'KP. CILAYUR RT. 01/01 DESA TENJO AYU KEC. CICURUG, SUKABUMI, JAWA BARAT', 1, 12, 12, 12, NULL, NULL, NULL),
(144, 144, '195812091984031001', 'PROF. DR. IR. ROSIHAN ROSMAN, MS', '0000-00-00', 1, 10, 'IPB', 2001, 8, 6, 6, '2010-01-04', 391, 'KOMP. PUSLITBANGTRI GG.. KAYU MANIS NO. 5 BOGOR, BOGOR, JAWA BARAT 16111', 1, 12, 12, 12, NULL, NULL, NULL),
(145, 145, '196110091986032001', 'DR. IR. RR. SETYOWATI RETNO DJIWANTI', '0000-00-00', 1, 10, 'Hokkaido University', 1999, 9, 7, 7, '2019-01-10', 412, 'JL.PONDOK RUMPUT I - NO. 51 BOGOR, BOGOR, JAWA BARAT 16162', 1, 12, 12, 12, NULL, NULL, NULL),
(146, 146, '198711292011011014', 'RUBI HERYANTO, SP. M.Agr', '0000-00-00', 1, 9, 'Tokyo University of Agriculture and', 2019, 12, 5, 5, '2015-01-04', 51, 'KOMPLEK SINDANG BARANG ASRI, RT.04/RW.07 GG.TAWAKAL BUBULAK. BOGOR BARAT, BOGOR, JAWA BARAT', 1, 12, 12, 12, NULL, NULL, NULL),
(147, 147, '196907311992031001', 'RUDI SURYADI, SP.M.Si', '0000-00-00', 1, 9, 'IPB BOGOR', 2014, 9, 11, 11, '2018-01-10', 294, 'CIMANGGU HEJO, BLOK C NO.7 RT.004/016 KEL.KEDUNG WARINGIN.KEC.TANAH SAREAL, BOGOR, JAWA BARAT 16113', 1, 12, 12, 12, NULL, NULL, NULL),
(148, 148, '196803292007011001', 'RUDIANA BAKTI', '0000-00-00', 1, 6, 'UNPAD', 1991, 4, 5, 5, '2017-01-04', 216, 'PERUM. ALAM TIRTA LESTARI. JL. JAYAWIJAYA II BLOK. C1-08 DESA PAGELARAN-CIOMAS, BOGOR, JAWA BARAT', 1, 12, 12, 12, NULL, NULL, NULL),
(149, 149, '198106262014031002', 'RUSBIANTO WIJAYA, A.Md', '0000-00-00', 1, 6, 'AKADEMI KIMIA ANALIS BOGOR', 2004, 40, 10, 10, '2018-01-04', 85, 'JL. KALIANYAR VIII, KALIANYAR, TAMBORA, JAKARTA BARAT, D.K.I. JAKARTA 11310', 1, 12, 12, 12, NULL, NULL, NULL),
(150, 150, '197412161994031002', 'RUSHENDI, S.SOS. M.Si', '0000-00-00', 1, 9, 'IPB', 2017, 41, 9, 9, '2017-01-10', 231, 'Komp. Puri Delta Kencana Blok i/17 Rt 006/001, Kota Bogor, JAWA BARAT', 1, 12, 12, 12, NULL, NULL, NULL),
(151, 151, '196708302014072001', 'SALAMAH', '0000-00-00', 1, 2, 'PKBM KARYA NYATA MKGR (PAKET B)', 2009, 27, 12, 12, '2018-01-04', 312, 'KP. PABUARAN, CILENDEK TIMUR RT. 002/RW. 008 CILENDEN TIMUR, BOGOR BARAT, BOGOR, JAWA BARAT 16112', 1, 12, 12, 12, NULL, NULL, NULL),
(152, 152, '197008192012121001', 'SARJONO', '0000-00-00', 1, 3, 'SPP KUTOARJO', 1989, 14, 3, 3, '2018-01-10', 300, 'KENANGA PERMAI EE 70 RT 05/15 MENTENG, BOGOR BARAT, BOGOR, JAWA BARAT', 1, 12, 12, 12, NULL, NULL, NULL),
(153, 153, '196404051991021001', 'SARWANDA', '0000-00-00', 1, 3, 'SPP SPMA BOGOR', 1984, 10, 9, 9, '2014-01-04', 276, 'CIKEMBANG RT 1/3 DS SUKAMULYA CIKEMBAR, SUKABUMI, JAWA BARAT 43155', 1, 12, 12, 12, NULL, NULL, NULL),
(154, 154, '196711161994031002', 'SETIAWAN, SP, M.SC', '0000-00-00', 1, 9, 'Universitas Gadjah Mada', 2013, 11, 9, 9, '2018-01-10', 298, 'CIMANGGU KECIL RT. 04/12 KEL. CIWARINGIN KEC. BOGOR TENGAH, BOGOR, JAWA BARAT 16162', 1, 12, 12, 12, NULL, NULL, NULL),
(155, 155, '196302101991032001', 'IR. SINTHA SUHIRMAN', '0000-00-00', 1, 8, 'UNINUS', 1988, 9, 14, 14, '2017-01-04', 313, 'BUKIT CIMANGGU VILA K1, NO. 44, BOGOR, JAWA BARAT 16166', 1, 12, 12, 12, NULL, NULL, NULL),
(156, 156, '196603271992042001', 'SITI AISYAH', '0000-00-00', 1, 3, 'SPMA', 1985, 10, 9, 9, '2017-01-10', 298, 'JL. JURE NO. 31 PERUMNAS BANTARJATI BOGOR, BOGOR, JAWA BARAT 16153', 1, 12, 12, 12, NULL, NULL, NULL),
(157, 157, '198612172011012015', 'SITI EFI NURLAELAH, S.Si', '0000-00-00', 1, 8, 'Universitas Nusa Bangsa', 2014, 29, 4, 4, '2016-01-04', 39, 'Perum Aglaonema Cyber Residence Blok DIB No.1 Kel. Cilendek Barat Kec. Bogor Barat, BOGOR, JAWA BARAT 16112', 1, 12, 12, 12, NULL, NULL, NULL),
(158, 158, '199206052019022002', 'SITI HARDIYANTI, SP. M.SI', '0000-00-00', 1, 9, 'IPB', 2017, 7, 5, 5, '2020-01-02', 12, 'PASAR SINGKUT RT.02/01 KEL. PASAR SINGKUT KEC. SINGKUT KAB. SAROLANGUN JAMBI, SAROLANGUN, JAMBI 37482', 1, 12, 12, 12, NULL, NULL, NULL),
(159, 159, '197306102012122001', 'SITI NURYANIH', '0000-00-00', 1, 3, 'SLTA PGRI 4', 1993, 14, 3, 3, '2019-01-10', 282, 'JL. MANUNGGAL II NO. 18 002/015 MENTENG, BOGOR BARAT, BOGOR, JAWA BARAT', 1, 12, 12, 12, NULL, NULL, NULL),
(160, 160, '196602102007012001', 'SITI RIFFIAH', '0000-00-00', 1, 3, 'SPP-SPMA', 1986, 4, 4, 4, '2017-01-04', 180, 'KP. MANOKO LEMBANG, BANDUNG, JAWA BARAT', 1, 12, 12, 12, NULL, NULL, NULL),
(161, 161, '196910282007012001', 'SITI ROHMAH', '0000-00-00', 1, 3, 'KELOMPOK BELAJAR PONDOK PESANTERN A', 2011, 3, 2, 2, '2015-01-10', 198, 'PABUARAN GG PASANTREN RT2/7 KEDUNG WARINGIN, BOGOR, JAWA BARAT', 1, 12, 12, 12, NULL, NULL, NULL),
(162, 162, '196805172012122001', 'SITI ROHMAH', '0000-00-00', 1, 3, 'Paket c. PKBM Satria', 2006, 42, 2, 2, '2016-01-10', 198, 'CIMANGGU LAMPING 004/014 KEDUNG WARINGIN, TANAH SAREAL, BOGOR, JAWA BARAT', 1, 12, 12, 12, NULL, NULL, NULL),
(163, 163, '196307101991032001', 'DRA. SITTI FATIMAH SYAHID', '0000-00-00', 1, 8, 'UNAND', 1986, 8, 16, 16, '2018-01-10', 342, 'KOMP.BALITTRO KAYU MANIS BLOK FF.36 RT 04/03 BOGOR, BOGOR, JAWA BARAT', 1, 12, 12, 12, NULL, NULL, NULL),
(164, 164, '197306112014071001', 'SLAMET WAHYUDIN', '0000-00-00', 1, 3, 'PKBM NURUL HIDAYAH', 2016, 27, 2, 2, '2018-01-04', 228, 'CILENDEK TIMUR RT. 001/RW. 006 CILENDEK TIMUR, BOGOR BARAT, BOGOR, JAWA BARAT 16112', 1, 12, 12, 12, NULL, NULL, NULL),
(165, 165, '196510071990022001', 'SONDANG SURIATI LUMBAN TOBING, S.SI', '0000-00-00', 2, 8, 'UNIVERSITAS PAKUAN', 1995, 5, 9, 9, '2012-01-04', 270, 'KOMPLEK BALITTRO RT 03/XX NO 7 BOGOR, BOGOR, JAWA BARAT 16111', 1, 12, 12, 12, NULL, NULL, NULL),
(166, 166, '196810061994042001', 'IR. SRI RAHAJOENINGSIH, M.SI', '0000-00-00', 1, 9, 'IPB', 2011, 11, 8, 8, '2006-01-04', 145, 'JL. H. HAMID I/3 RT.004/003, BOGOR, JAWA BARAT 16163', 1, 12, 12, 12, NULL, NULL, NULL),
(167, 167, '196202131990032001', 'IR. SRI WAHYUNI', '0000-00-00', 1, 8, 'IPB', 1987, 9, 14, 14, '2015-01-10', 307, 'JL. KENANGA PERMAI DD/55 MENTENG, BOGOR, JAWA BARAT 16111', 1, 12, 12, 12, NULL, NULL, NULL),
(168, 168, '196303022006042006', 'SRIDARNI', '0000-00-00', 1, 3, 'SMEA SOLOK', 1984, 5, 10, 10, '2018-01-04', 392, 'JLN. PROF M. YAMIN, SH NO.80 KEL PPA KOTA SOLOK, KOTA SOLOK, SUMATERA BARAT 27322', 1, 12, 12, 12, NULL, NULL, NULL),
(169, 169, '196506012007012001', 'ST. NURVAH', '0000-00-00', 1, 3, 'SMA Bina Sejahtera', 1985, 14, 10, 10, '2015-01-10', 222, 'CILENDEK TIMUR RT. 01/08 KEL. CILENDEK TIMUR, BOGOR BARAT, BOGOR, JAWA BARAT 16111', 1, 12, 12, 12, NULL, NULL, NULL),
(170, 170, '196612121997031001', 'SUDARJO', '0000-00-00', 1, 3, 'SMA PGRI Cibadak', 1988, 5, 5, 5, '2017-01-04', 264, 'KOMPLEK PERUM. KP. SUKAMULIA, SUKABUMI, JAWA BARAT 43155', 1, 12, 12, 12, NULL, NULL, NULL),
(171, 171, '198303092008011005', 'SUJIANTO, S.TP. M.Abm', '0000-00-00', 1, 9, 'ASIAN INSTITUT OF TECHNOLOGY (AIT)', 2019, 43, 5, 5, '2018-01-10', 105, 'Jl. VILA MUTIARA G 14/23 KEL.MEKAR WANGI KEC. TANAH SAREAL, BOGOR, JAWA BARAT', 1, 12, 12, 12, 'tanda_tangan.jpeg', NULL, NULL),
(172, 172, '196601191991031002', 'DR. IR. SUKAMTO, M. Agr. Sc.', '0000-00-00', 1, 10, 'Tohoku University', 2005, 9, 7, 7, '2017-01-10', 319, 'TAMAN CIMANGGU JL. PUSPA WARNA BLOK Q 9 NO. 5 TANAH SAREAL, BOGOR, JAWA BARAT', 1, 12, 12, 12, NULL, NULL, NULL),
(173, 173, '197204272012121001', 'SUKATMA', '0000-00-00', 1, 3, 'STM YKTB BOGOR', 1992, 14, 3, 3, '2018-01-10', 252, 'KOMPLEK BALITTRO NO. 19 RT 001/020 MENTENG, BOGOR, BOGOR, JAWA BARAT 16111', 1, 12, 12, 12, NULL, NULL, NULL),
(174, 174, '196805152006041009', 'SULAEMAN', '0000-00-00', 1, 3, 'PAKET C HARAPAN JAYA', 2004, 44, 1, 1, '2017-01-10', 282, 'PABUARAN GG. PESANTREN RT. 1/7 KEL. KEDUNG WARINGIN KEC. TANAH SAREL, KOTA BOGOR, JAWA BARAT', 1, 12, 12, 12, NULL, NULL, NULL),
(175, 175, '196310191997031001', 'SULAEMAN', '0000-00-00', 1, 3, 'SMA 17', 1983, 23, 5, 5, '2017-01-04', 336, 'PERUM BUKIT CIMANGGU CITY BLOK V7 NO. 9 006/009 KEL. MEKARWANGI KEC. TANAH SAREAL, BOGOR, JAWA BARAT', 1, 12, 12, 12, NULL, NULL, NULL),
(176, 176, '196704061998031002', 'SUPENDI', '0000-00-00', 1, 2, 'BINA GRAHA', 1988, 2, 3, 3, '2018-01-04', 312, 'CIMANGGU LAMPING RT.02/03 KD WARINGIN KEC. TANAH SAREAL, BOGOR, JAWA BARAT', 1, 12, 12, 12, NULL, NULL, NULL),
(177, 177, '195812211983031005', 'PROF. DR. IR. SUPRIADI, M.Sc', '0000-00-00', 1, 10, 'LONDON UNIV.', 1994, 8, 6, 6, '2010-01-04', 339, 'KOMP. PERUMAHAN BALITTRO KENANGAN PERMAI DD 10, BOGOR, JAWA BARAT 16111', 1, 12, 12, 12, NULL, NULL, NULL),
(178, 178, '197010072007011001', 'SUPRIYANTO', '0000-00-00', 1, 3, 'KELOMPOK BELAJAR PAKET C', 2004, 17, 3, 3, '2019-01-10', 282, 'JL. MANUNGGAL II RT.02/15 KEL. MENTENG, BOGOR BARAT, JAWA BARAT 16111', 1, 12, 12, 12, NULL, NULL, NULL),
(179, 179, '197701132014071002', 'SURYATNA', '0000-00-00', 1, 3, 'STM YKTB', 1996, 3, 1, 1, '2018-01-10', 246, 'Cilendek Timur Rt 001 Rw 006 Kel.Cilendek Timur Kec. Kota Bogor Barat, Bogor, JAWA BARAT', 1, 12, 12, 12, NULL, NULL, NULL),
(180, 180, '197412272007012001', 'SUSI NOOR SYAMSIAH, S. MN', '0000-00-00', 1, 8, 'UNIV. TERBUKA', 2006, 10, 8, 8, '2017-01-04', 204, 'HEGARMANAH I NO. 122 RT. 03/08 KEL. GUNUNGBATU. KEC. KOTA BOGOR BARAT, BOGOR, JAWA BARAT 16110', 1, 12, 12, 12, NULL, NULL, NULL),
(181, 181, '198103012005012002', 'SUSI PURWIYANTI, SP. M.SI', '0000-00-00', 1, 9, 'IPB', 2012, 45, 9, 9, '2017-01-10', 153, 'CLUSTER NABILA,BLOK C1. NO.4, CILENDEK TIMUR, KEC. BOGOR BARAT, BOGOR, JAWA BARAT 16112', 1, 12, 12, 12, NULL, NULL, NULL),
(182, 182, '196405091998032001', 'IR SUSILOWATI', '0000-00-00', 1, 8, 'IPB', 1989, 46, 9, 9, '2007-01-10', 115, 'JL.MEDIKA 3 BLOK AQ NO.8 PERUMAHAN MENTENG ASRI, BOGOR, JAWA BARAT 16111', 1, 12, 12, 12, NULL, NULL, NULL),
(183, 183, '196207151989031001', 'TATANG SUTARJO, SP', '0000-00-00', 1, 8, 'STIPER BALE BANDUNG', 2003, 10, 9, 9, '2014-01-04', 324, 'TAMAN CIMANGGU BLOK M III/9 JL KEMUNING V, KOTA BOGOR, JAWA BARAT 16710', 1, 12, 12, 12, NULL, NULL, NULL),
(184, 184, '196606141994031002', 'TEGUH SANTOSO', '0000-00-00', 1, 3, 'SMA', 1986, 10, 8, 8, '2016-01-10', 294, 'PERUMHAN BALITTRO BLOK EE 81 RT 05/15, BOGOR, JAWA BARAT 16111', 1, 12, 12, 12, NULL, NULL, NULL),
(185, 185, '198304022011012014', 'TIAS ARLIANTI, SP', '0000-00-00', 1, 8, 'IPB', 2006, 12, 5, 5, '2018-01-10', 93, 'JL. SERIMPI RAYA NO. 35 RT 01/RW 12 KEL. MEKAR JAY, DEPOK, JAWA BARAT 16411', 1, 12, 12, 12, NULL, NULL, NULL),
(186, 186, '196304191989032001', 'TINI MARDIYANA R', '0000-00-00', 1, 3, 'SMAN 5', 1983, 47, 5, 5, '2009-01-04', 240, 'PERUMAHAN BALITTRO BUKIT KAYUMANIS NO. FF 2, BOGOR, JAWA BARAT 16169', 1, 12, 12, 12, NULL, NULL, NULL),
(187, 187, '196207102007012001', 'TINI SUARTINI', '0000-00-00', 1, 1, 'SD Pusdik Intel Bogor', 1975, 48, 13, 13, '2019-01-04', 300, 'KOMPLEK BALITTRO RT. 1/20 KEL. MENTENG, BOGOR, JAWA BARAT 16111', 1, 12, 12, 12, NULL, NULL, NULL),
(188, 188, '196909082014071001', 'TONI SUPRIYADI', '0000-00-00', 1, 1, 'SD PERSAMAAN', 1989, 49, 15, 15, '2018-01-10', 306, 'KOMPLEK PERTANIAN RT. 002/RW. 008 MENTENG, BOGOR BARAT, BOGOR, JAWA BARAT', 1, 12, 12, 12, NULL, NULL, NULL),
(189, 189, '197806012014071002', 'TOTONG SUGANDI', '0000-00-00', 1, 3, 'SMA KAMANDAKA', 1997, 14, 1, 1, '2018-01-04', 240, 'JL. MANUNGGAL II NO. 4 RT. 002/RW. 015 MENTENG, BOOGOR, BOGOR, JAWA BARAT 16111', 1, 12, 12, 12, NULL, NULL, NULL),
(190, 190, '196904151992031002', 'TRI EKO WAHJONO, SP', '0000-00-00', 1, 8, 'STIPER BALE ENDAH', 2004, 10, 9, 9, '2013-01-10', 234, 'PARAKANJAYA RT. 04/06 SEMPLAK, BOGOR, JAWA BARAT 16310', 1, 12, 12, 12, NULL, NULL, NULL),
(191, 191, '196205211989032001', 'IR. TRI LESTARI MARDININGSIH, M.SC', '0000-00-00', 1, 9, 'IMPERIAL COLLEGE UNIV.LONDON', 1991, 8, 16, 16, '2015-01-10', 339, 'BTN TAMAN CIMANGGU JL. KEMUNING VI BLOK IV/18, BOGOR, JAWA BARAT 16162', 1, 12, 12, 12, NULL, NULL, NULL),
(192, 192, '196307212006041005', 'UCI SANUSI', '0000-00-00', 1, 1, 'SD PERSAMAAN', 1985, 18, 13, 13, '2018-01-04', 300, 'JLN.MANUGGAL II RT.02/XV KEL.MENTENG, BOGOR BARAT, JAWA BARAT 16111', 1, 12, 12, 12, NULL, NULL, NULL),
(193, 193, '196709151993031002', 'UDIN HOERUDIN', '0000-00-00', 1, 3, 'STM NEGERI BOGOR', 1988, 2, 10, 10, '2017-01-04', 336, 'JL KENANGA PERMAI BLOK EE, BOGOR, JAWA BARAT 16111', 1, 12, 12, 12, NULL, NULL, NULL),
(194, 194, '198211032012121003', 'UJANG RUDITA', '0000-00-00', 1, 2, 'PAKET B PKBM AL-FALAH', 2013, 2, 12, 12, '2016-01-10', 198, 'KP. CILAYUR RT. 01/01 DESA TENJO AYU KEC. CICURUG, SUKABUMI, JAWA BARAT 43359', 1, 12, 12, 12, NULL, NULL, NULL),
(195, 195, '196612311995031001', 'UJANG SUTARYA', '0000-00-00', 1, 3, 'SMA', 1987, 32, 5, 5, '2015-01-04', 264, 'CIMANGGU GG. PASAMA RT. 002/RW.12 KEL. CIWARINGIN KEC. BOGOR TENGAH, BOGOR, JAWA BARAT', 1, 12, 12, 12, NULL, NULL, NULL),
(196, 196, '196505081990031002', 'UNANG MANSUR, SP', '0000-00-00', 1, 8, 'UMMI', 2012, 10, 9, 9, '2013-01-10', 290, 'KP. KEBUN JERUK RT.1/10 DS SUKAMULYA CIKEMBAR, SUKABUMI, JAWA BARAT 43157', 1, 12, 12, 12, NULL, NULL, NULL),
(197, 197, '197205092006041014', 'UNDANG TACHDZUDDIN, A.Md', '0000-00-00', 1, 6, 'BSI', 2012, 50, 10, 10, '2018-01-04', 300, 'JL. CIMANGGU GG.MANTRI GURU NO.34 RT.4/1 KEL. KD JAYA, KOTA BOGOR, JAWA BARAT', 1, 12, 12, 12, NULL, NULL, NULL),
(198, 198, '197707292012121001', 'UNING', '0000-00-00', 1, 3, 'SMK PEMBANGUNAN', 1997, 6, 1, 1, '2017-01-04', 217, 'JL. CIMANGGU PESANTREN RT 01/07 KEDUNG WARINGIN, KEC. TANAH SAREAL, BOGOR, JAWA BARAT', 1, 12, 12, 12, NULL, NULL, NULL),
(199, 199, '198308152012121003', 'USMAN', '0000-00-00', 1, 3, 'PAKET C PKBM SEJAHTERA', 2017, 2, 2, 2, '2019-01-04', 135, 'KP. CILAYUR RT.01/01 DESA TENJO AYU KEC. CICURUG, SUKABUMI, JAWA BARAT', 1, 12, 12, 12, NULL, NULL, NULL),
(200, 200, '196304101991031003', 'USMAN', '0000-00-00', 1, 1, 'SD', 0000, 2, 2, 2, '2007-01-04', 129, 'CIMANGGU GG. MESJID RT.5/4 BOGOR, BOGOR, JAWA BARAT 16710', 1, 12, 12, 12, NULL, NULL, NULL),
(201, 201, '197106101995032002', 'WAHYU HINDARTI, A.Md', '0000-00-00', 1, 6, 'UGM', 2004, 23, 8, 8, '2019-01-04', 241, 'TAMAN CIMANGGU JL. KEMUNING 7 BLOK M5 NO . 8 RT. 02 RW 10, KOTA BOGOR, JAWA BARAT 16170', 1, 12, 12, 12, NULL, NULL, NULL),
(202, 202, '196602201992031001', 'WAWAN HARYUDIN, S.SI', '0000-00-00', 1, 8, 'UNIVERSITAS PAKUAN', 2001, 11, 9, 9, '2017-01-10', 306, 'TAMAN CIMANGGU JL. LANTANA UJUNG NO.40 RT.01/13 B, BOGOR, JAWA BARAT 16163', 1, 12, 12, 12, NULL, NULL, NULL),
(203, 203, '196602071991021001', 'WAWAN LUKMAN', '0000-00-00', 1, 3, 'SPMA', 1984, 10, 9, 9, '2011-01-04', 336, 'KOMP BALITTRO (MLS) BLOK EE NO 44 RT. 5/15 BOGOR, BOGOR, JAWA BARAT 16111', 1, 12, 12, 12, NULL, NULL, NULL),
(204, 204, '197412131994032002', 'WINITASARI, SE', '0000-00-00', 1, 8, 'UIK', 1998, 51, 9, 9, '2014-01-04', 181, 'CLUSTER CIMANGGU HEJO BLOK C NO 7 RT 004/016 KEL. KEDUNG WARINGIN KEC. TANAH SAREAL, KOTA BOGOR, JAWA BARAT', 1, 12, 12, 12, NULL, NULL, NULL),
(205, 205, '197006072007012001', 'WIWI THRESIA', '0000-00-00', 1, 3, 'SMAN 1 SOLOK', 1989, 3, 3, 3, '2015-01-04', 240, 'JLN. PANDAN UJUNG NO.7,KEL PPA ,KEC. TJ HARAPAN KOTA SOLOK, SOLOK, SUMATERA BARAT 27322', 1, 12, 12, 12, NULL, NULL, NULL),
(206, 206, '196204051989031001', 'YADI RUHYADI', '0000-00-00', 1, 3, 'SMA WASKITA BOGOR', 1983, 49, 5, 5, '2009-01-04', 228, 'CLINDEK TIMUR RT.03/04 KEL. CILENDEK TIMUR BOGOR B, BOGOR, JAWA BARAT 16112', 1, 12, 12, 12, NULL, NULL, NULL),
(207, 207, '196303201987031003', 'YAYA RUBAYA', '0000-00-00', 1, 3, 'SPP/SPMA CIREBON', 1983, 5, 5, 5, '2009-01-04', 240, 'JOR BINASI NAG KUNCIR KEC.X KOTO DI ATAS KAB. SOLOK, SOLOK, SUMATERA BARAT', 1, 12, 12, 12, NULL, NULL, NULL),
(208, 208, '196404011992031001', 'YAYAT HIDAYAT', '0000-00-00', 1, 3, 'SPP SPMA', 1985, 10, 9, 9, '2016-01-10', 303, 'CIMANGGU RT.5/01 CIMANGGU, SUKABUMI, JAWA BARAT 43161', 1, 12, 12, 12, NULL, NULL, NULL),
(209, 209, '197105042012122001', 'YETI KURNIATI', '0000-00-00', 1, 3, 'PAKET C KARYA NYATA', 2010, 44, 2, 2, '2016-01-10', 198, 'CILENDEK TIMUR 002/007 CILENDEK TIMUR, BOGOR BARAT, BOGOR, JAWA BARAT', 1, 12, 12, 12, NULL, NULL, NULL),
(210, 210, '197112222014071001', 'ZAENUDIN', '0000-00-00', 1, 2, 'Paket B PKBM CITRA PAKUAN', 2017, 49, 12, 12, '2019-01-10', 330, 'GANG MUHA RT. 003/RW. 014, KELURAHAN MENTENG, BOGOR BARAT, BOGOR, JAWA BARAT 16111', 1, 12, 12, 12, NULL, NULL, NULL),
(211, 211, '197301222007011001', 'ZULHISNAIN', '0000-00-00', 1, 3, 'SMA MUhamadiyah', 1991, 4, 4, 4, '2019-01-04', 216, 'TAMAN CIMANGGU JL. KEMUNING III BLOK M 3 NO. 3 RT. 03/ RW. 10, BOGOR, JAWA BARAT', 1, 12, 12, 12, NULL, NULL, NULL),
(212, 212, '197009142007011001', 'ZULKARNAIN, SP', '0000-00-00', 1, 8, 'UNIVERSITAS MAHAPUTRA MUHAMMAD YAMI', 2011, 14, 4, 4, '2013-01-10', 174, 'KOMPLEK KP LAING SOLOK RT.02/02 KEL. LAING KEC. TANJUNG HARAPAN KOTA SOLOK, SOLOK, SUMATERA BARAT', 1, 12, 12, 12, NULL, NULL, NULL),
(213, 213, '196208231984031001', 'ZULKARNAINI', '0000-00-00', 1, 5, 'IPB', 1991, 30, 5, 5, '2005-01-04', 204, 'KOMPLEK KP. LAING, SOLOK, SUMATERA BARAT 27325', 1, 12, 12, 12, NULL, NULL, NULL),
(214, 214, '197407012012121002', 'ZULKIPLI', '0000-00-00', 1, 3, 'SMU YZA', 1995, 1, 1, 1, '2017-01-04', 183, 'CIMANGGU GG. PESANTREN 003/007 KEDUNG WARINGIN, TA, BOGOR, JAWA BARAT', 1, 12, 12, 12, NULL, NULL, NULL),
(218, 219, '112233333444', 'driver A', '0000-00-00', 1, 4, 'sekolah', 2000, 29, 12, 15, '2020-03-28', 200, '-', 1, 1, 1, 1, NULL, NULL, '2020-06-04 12:10:45');
INSERT INTO `data_user` (`id`, `id_user`, `nip`, `nama`, `tgl_lahir`, `id_agama`, `id_jenjang_pendidikan`, `nama_sekolah`, `tahun_lulus`, `id_jabatan`, `id_pangkat`, `id_golongan`, `tmt`, `masa_kerja`, `alamat`, `status`, `cuti_n`, `cuti_n1`, `cuti_n2`, `tanda_tangan`, `created_at`, `updated_at`) VALUES
(220, 221, '902133532321312', 'adam furqon', '1998-12-07', 1, 3, 'SMKN 4 bogor', 2017, 3, 2, 2, '2020-03-28', 105, 'ciheuleut rt 01/08', 1, 12, 0, 0, '902133532321312.jpg', '2020-06-04 11:58:30', '2020-08-03 18:50:36'),
(222, 222, '-', 'MULYADI', '1993-02-16', 1, 4, 'ElRahma', 2018, 45, 19, 2, '2018-01-01', 5, 'Bogor', 1, 0, 0, 0, NULL, '2020-07-27 14:13:02', '2020-07-27 15:01:52');

-- --------------------------------------------------------

--
-- Struktur dari tabel `golongan`
--

CREATE TABLE `golongan` (
  `id` int(11) NOT NULL,
  `golongan` text NOT NULL,
  `created_at` datetime DEFAULT NULL,
  `updated_at` datetime DEFAULT NULL
) ENGINE=InnoDB DEFAULT CHARSET=latin1;

--
-- Dumping data untuk tabel `golongan`
--

INSERT INTO `golongan` (`id`, `golongan`, `created_at`, `updated_at`) VALUES
(1, 'II/b', NULL, NULL),
(2, 'II/a', NULL, NULL),
(3, 'II/c', NULL, NULL),
(4, 'III/a', NULL, NULL),
(5, 'III/b', NULL, NULL),
(6, 'IV/e', NULL, NULL),
(7, 'IV/c', NULL, NULL),
(8, 'III/c', NULL, NULL),
(9, 'III/d', NULL, NULL),
(10, 'II/d', NULL, NULL),
(11, 'IV/a', NULL, NULL),
(12, 'I/c', NULL, NULL),
(13, 'I/d', NULL, NULL),
(14, 'IV/b', NULL, NULL),
(15, 'I/b', NULL, NULL),
(16, 'IV/d', NULL, NULL),
(19, 'VII/C', '2020-06-04 12:05:55', '2020-06-04 12:06:13');

-- --------------------------------------------------------

--
-- Struktur dari tabel `jabatan`
--

CREATE TABLE `jabatan` (
  `id` int(11) NOT NULL,
  `jabatan` text NOT NULL,
  `created_at` datetime DEFAULT NULL,
  `updated_at` datetime DEFAULT NULL
) ENGINE=InnoDB DEFAULT CHARSET=latin1;

--
-- Dumping data untuk tabel `jabatan`
--

INSERT INTO `jabatan` (`id`, `jabatan`, `created_at`, `updated_at`) VALUES
(1, 'SATPAM SUBBAGIAN TATA USAHA', NULL, NULL),
(2, 'PEKARYA KEBUN SEKSI PELAYANAN TEKNIK', NULL, NULL),
(3, 'TEKNISI LITKAYASA PEMULA', NULL, NULL),
(4, 'TEKNISI LITKAYASA MAHIR', NULL, NULL),
(5, 'PENGADMINISTRASI UMUM SEKSI PELAYANAN TEKNIK', NULL, NULL),
(6, 'PENYIAP BAHAN KEPEGAWAIAN SUBBAGIAN TATA USAHA', NULL, NULL),
(7, 'CALON PENELITI PERTAMA', NULL, NULL),
(8, 'PENELITI UTAMA', NULL, NULL),
(9, 'PENELITI MADYA', NULL, NULL),
(10, 'TEKNISI LITKAYASA PENYELIA', NULL, NULL),
(11, 'PENELITI MUDA', NULL, NULL),
(12, 'PENELITI PERTAMA', NULL, NULL),
(13, 'CALON TEKNISI LITKAYASA', NULL, NULL),
(14, 'TEKNISI LITKAYASA TERAMPIL', NULL, NULL),
(15, 'PETUGAS SARANA & PRASARANA SUBBAGIAN TATA USAHA', NULL, NULL),
(16, 'PRAMU ASRAMA SUBBAGIAN TATA USAHA', NULL, NULL),
(17, 'PRAMU PAMERAN & PERAGAAN SEKSI JASA PENELITIAN', NULL, NULL),
(18, 'PENGEMUDI SUBBAGIAN TATA USAHA', NULL, NULL),
(19, 'SEKRETARIS PIMPINAN SUBBAGIAN TATA USAHA', NULL, NULL),
(20, 'PRANATA HUMAS MUDA', NULL, NULL),
(21, 'PENGEMUDI SEKSI PELAYANAN TEKNIK', NULL, NULL),
(22, 'PEMELIHARAAN HEWAN PERCOBAAN SEKSI PELAYANAN TEKNIK', NULL, NULL),
(23, 'PENGADMINISTRASI KEUANGAN SUBBAGIAN TATA USAHA', NULL, NULL),
(24, 'KEPALA BALIT TANAMAN REMPAH DAN OBAT BALAI PENELITIAN TANAMAN REMPAH DAN OBAT', NULL, NULL),
(25, 'CALON TEKNISI LITKAYASA TERAMPIL', NULL, NULL),
(26, 'KEPALA SUB BAG TATA USAHA SUBBAGIAN TATA USAHA', NULL, NULL),
(27, 'PEKARYA TAMAN SUBBAGIAN TATA USAHA', NULL, NULL),
(28, 'TEKNISI GEDUNG SEKSI PELAYANAN TEKNIK', NULL, NULL),
(29, 'ANALIS KIMIA SEKSI PELAYANAN TEKNIK', NULL, NULL),
(30, 'PRAMU PUBLIKASI SEKSI PELAYANAN TEKNIK', NULL, NULL),
(31, 'PENGELOLA BMN SUBBAGIAN TATA USAHA', NULL, NULL),
(32, 'SATPAM SEKSI PELAYANAN TEKNIK', NULL, NULL),
(33, 'PENGADMINISTRASI UMUM SUBBAGIAN TATA USAHA', NULL, NULL),
(34, 'BENDAHARA PENGELUARAN SUBBAGIAN TATA USAHA', NULL, NULL),
(35, 'PENGADMINISTRASI KEPEGAWAIAN SUBBAGIAN TATA USAHA', NULL, NULL),
(36, 'KOMANDAN REGU SATPAM SUBBAGIAN TATA USAHA', NULL, NULL),
(37, 'KEPALA SEKSI JASA PENELITIAN SEKSI JASA PENELITIAN', NULL, NULL),
(38, 'PRAMU ASRAMA SEKSI PELAYANAN TEKNIK', NULL, NULL),
(39, 'BENDAHARA PENERIMAAN SUBBAGIAN TATA USAHA', NULL, NULL),
(40, 'PENGELOLA LABORATORIUM SEKSI JASA PENELITIAN', NULL, NULL),
(41, 'PUSTAKAWAN MUDA', NULL, NULL),
(42, 'CARAKA SEKSI PELAYANAN TEKNIK', NULL, NULL),
(43, 'KEPALA SEKSI PELAYANAN TEKNIK SEKSI PELAYANAN TEKNIK', NULL, NULL),
(44, 'CARAKA SUBBAGIAN TATA USAHA', NULL, NULL),
(45, 'PENGUMPUL DATA SEKSI PELAYANAN TEKNIK', NULL, NULL),
(46, 'PENGADMINISTRASI UMUM SEKSI JASA PENELITIAN', NULL, NULL),
(47, 'PRAMU DOKUMENTASI & INFORMASI PUBLIK SEKSI JASA PENELITIAN', NULL, NULL),
(48, 'PRAMU BAKTI SUBBAGIAN TATA USAHA', NULL, NULL),
(49, 'PEKARYA TAMAN SEKSI JASA PENELITIAN', NULL, NULL),
(50, 'PENGADMINISTRASI DAN PENYAJI DATA SEKSI PELAYANAN TEKNIK', NULL, NULL),
(51, 'PENGUMPUL DATA SEKSI JASA PENELITIAN', NULL, NULL),
(55, 'IT Support', '2020-06-04 12:07:23', '2020-06-04 12:07:39');

-- --------------------------------------------------------

--
-- Struktur dari tabel `jenis_anggaran`
--

CREATE TABLE `jenis_anggaran` (
  `id` int(11) NOT NULL,
  `nama` text NOT NULL,
  `type` int(11) NOT NULL DEFAULT 0,
  `created_at` datetime DEFAULT NULL,
  `updated_at` datetime DEFAULT NULL
) ENGINE=InnoDB DEFAULT CHARSET=latin1;

--
-- Dumping data untuk tabel `jenis_anggaran`
--

INSERT INTO `jenis_anggaran` (`id`, `nama`, `type`, `created_at`, `updated_at`) VALUES
(1, 'Untuk Penjabat yang melakukan perjalanan dinas', 0, NULL, NULL),
(2, 'Dengan Kendaraan Umum PP', 1, NULL, NULL),
(3, 'Pengemudi', 2, NULL, NULL),
(4, 'Dengan Kendaraan Umum', 1, NULL, NULL),
(7, 'penginapan dan makan', 0, '2020-06-04 12:03:41', '2020-06-04 12:03:53'),
(9, 'tiket pesawat', 0, '2020-07-21 18:00:36', '2020-07-22 00:06:52'),
(10, 'Parkir', 2, '2020-07-27 14:45:47', '2020-07-27 14:45:47');

-- --------------------------------------------------------

--
-- Struktur dari tabel `jenis_cuti`
--

CREATE TABLE `jenis_cuti` (
  `id` int(11) NOT NULL,
  `nama` text NOT NULL,
  `img` text DEFAULT NULL,
  `created_at` datetime DEFAULT NULL,
  `updated_at` datetime DEFAULT NULL
) ENGINE=InnoDB DEFAULT CHARSET=latin1;

--
-- Dumping data untuk tabel `jenis_cuti`
--

INSERT INTO `jenis_cuti` (`id`, `nama`, `img`, `created_at`, `updated_at`) VALUES
(1, 'Cuti Tahunan', 'akhir_tahun.png', NULL, NULL),
(2, 'Cuti Sakit', 'sakit.png', NULL, NULL),
(3, 'Cuti Alasan Penting', 'alasan_penting.png', NULL, NULL),
(4, 'Cuti Besaran', 'besaran.png', NULL, NULL),
(5, 'Cuti Melahirkan', 'melahirkan.png', NULL, NULL),
(6, 'Cuti Luar Tanggungan Negara', 'luar_tanggungan_negara.png', NULL, NULL);

-- --------------------------------------------------------

--
-- Struktur dari tabel `jenis_gratifikasi`
--

CREATE TABLE `jenis_gratifikasi` (
  `id` int(11) NOT NULL,
  `nama` text NOT NULL,
  `created_at` datetime DEFAULT NULL,
  `updated_at` datetime DEFAULT NULL
) ENGINE=InnoDB DEFAULT CHARSET=latin1;

--
-- Dumping data untuk tabel `jenis_gratifikasi`
--

INSERT INTO `jenis_gratifikasi` (`id`, `nama`, `created_at`, `updated_at`) VALUES
(1, 'Honor', NULL, NULL),
(2, 'Dinas', NULL, NULL),
(3, 'Lainnya', NULL, NULL),
(6, 'bebas2', '2020-06-04 12:06:49', '2020-06-04 12:06:59');

-- --------------------------------------------------------

--
-- Struktur dari tabel `jenjang_pendidikan`
--

CREATE TABLE `jenjang_pendidikan` (
  `id` int(11) NOT NULL,
  `jenjang_pendidikan` text NOT NULL
) ENGINE=InnoDB DEFAULT CHARSET=latin1;

--
-- Dumping data untuk tabel `jenjang_pendidikan`
--

INSERT INTO `jenjang_pendidikan` (`id`, `jenjang_pendidikan`) VALUES
(1, 'SD'),
(2, 'SLTP'),
(3, 'SLTA'),
(4, 'D1'),
(5, 'D2'),
(6, 'D3'),
(7, 'D4'),
(8, 'S1'),
(9, 'S2'),
(10, 'S3'),
(11, 'Sp1'),
(12, 'Sp2');

-- --------------------------------------------------------

--
-- Struktur dari tabel `kwitansi_sppd`
--

CREATE TABLE `kwitansi_sppd` (
  `id` int(11) NOT NULL,
  `id_perjalanan_dinas` int(11) DEFAULT NULL,
  `transport` double NOT NULL DEFAULT 0,
  `penginapan_makan` double NOT NULL DEFAULT 0,
  `biaya_rill` double NOT NULL DEFAULT 0,
  `uang_saku` double NOT NULL DEFAULT 0,
  `status` tinyint(1) NOT NULL,
  `tanda_tangan_admin1` bigint(20) UNSIGNED DEFAULT NULL,
  `tanda_tangan_admin2` bigint(20) UNSIGNED DEFAULT NULL,
  `created_at` datetime DEFAULT NULL,
  `updated_at` datetime DEFAULT NULL
) ENGINE=InnoDB DEFAULT CHARSET=latin1;

--
-- Dumping data untuk tabel `kwitansi_sppd`
--

INSERT INTO `kwitansi_sppd` (`id`, `id_perjalanan_dinas`, `transport`, `penginapan_makan`, `biaya_rill`, `uang_saku`, `status`, `tanda_tangan_admin1`, `tanda_tangan_admin2`, `created_at`, `updated_at`) VALUES
(15, 59, 100000, 100000, 100000, 100000, 1, 108, 125, '2020-07-29 14:21:57', '2020-07-29 14:24:24');

-- --------------------------------------------------------

--
-- Struktur dari tabel `laporan_upg`
--

CREATE TABLE `laporan_upg` (
  `id` int(11) NOT NULL,
  `nomor_laporan` text NOT NULL,
  `id_user` bigint(20) UNSIGNED DEFAULT NULL,
  `lokasi` text NOT NULL,
  `tanggal` date NOT NULL,
  `honor` double NOT NULL,
  `pemberi` text NOT NULL,
  `hubungan_gratifikasi` text NOT NULL,
  `status` int(11) NOT NULL DEFAULT 0,
  `tanda_tangan` bigint(20) UNSIGNED DEFAULT NULL,
  `created_at` datetime DEFAULT NULL,
  `updated_at` datetime DEFAULT NULL
) ENGINE=InnoDB DEFAULT CHARSET=latin1;

--
-- Dumping data untuk tabel `laporan_upg`
--

INSERT INTO `laporan_upg` (`id`, `nomor_laporan`, `id_user`, `lokasi`, `tanggal`, `honor`, `pemberi`, `hubungan_gratifikasi`, `status`, `tanda_tangan`, `created_at`, `updated_at`) VALUES
(32, '1468.29.07.2020', 221, 'lokasi', '2020-07-29', 1000000, 'pemberi', 'hubungan', 1, 171, '2020-07-29 14:41:10', '2020-07-29 14:42:34');

-- --------------------------------------------------------

--
-- Struktur dari tabel `laporan_upg_detail`
--

CREATE TABLE `laporan_upg_detail` (
  `id` int(11) NOT NULL,
  `id_laporan_upg` int(11) DEFAULT NULL,
  `id_jenis_gratifikasi` int(11) DEFAULT NULL,
  `keterangan` text DEFAULT NULL,
  `created_at` datetime DEFAULT NULL,
  `updated_at` datetime DEFAULT NULL
) ENGINE=InnoDB DEFAULT CHARSET=latin1;

--
-- Dumping data untuk tabel `laporan_upg_detail`
--

INSERT INTO `laporan_upg_detail` (`id`, `id_laporan_upg`, `id_jenis_gratifikasi`, `keterangan`, `created_at`, `updated_at`) VALUES
(65, 32, 1, NULL, NULL, NULL);

-- --------------------------------------------------------

--
-- Struktur dari tabel `migrations`
--

CREATE TABLE `migrations` (
  `id` int(10) UNSIGNED NOT NULL,
  `migration` varchar(255) COLLATE utf8mb4_unicode_ci NOT NULL,
  `batch` int(11) NOT NULL
) ENGINE=InnoDB DEFAULT CHARSET=utf8mb4 COLLATE=utf8mb4_unicode_ci;

--
-- Dumping data untuk tabel `migrations`
--

INSERT INTO `migrations` (`id`, `migration`, `batch`) VALUES
(1, '2014_10_12_000000_create_users_table', 1),
(2, '2014_10_12_100000_create_password_resets_table', 1);

-- --------------------------------------------------------

--
-- Struktur dari tabel `pagu_anggaran`
--

CREATE TABLE `pagu_anggaran` (
  `id` int(11) NOT NULL,
  `kode` text NOT NULL,
  `nama_kegiatan` text NOT NULL,
  `total_biaya` bigint(255) NOT NULL,
  `sisa_biaya` bigint(255) NOT NULL,
  `created_at` datetime DEFAULT NULL,
  `updated_at` datetime DEFAULT NULL
) ENGINE=InnoDB DEFAULT CHARSET=latin1;

--
-- Dumping data untuk tabel `pagu_anggaran`
--

INSERT INTO `pagu_anggaran` (`id`, `kode`, `nama_kegiatan`, `total_biaya`, `sisa_biaya`, `created_at`, `updated_at`) VALUES
(1, '1805.201.051.A', 'Perakitan Varietas Unggul Lada Tahan Penyakit Busuk Pangkal Batang dan Persiapan Benih', 412400000, 411205000, '2020-01-01 07:00:00', '2020-07-23 17:56:29'),
(2, '1805.201.051.B', 'Uji adaptasi Ketahanan Penyakt Busuk Batang Panili (BBP)', 127600000, 127600000, '2020-01-01 07:00:00', '0000-00-00 00:00:00'),
(3, '1805.202.051.A', 'Peningkatan Mutu Benih dan Biji Pala', 209200000, 209200000, '2020-01-01 07:00:00', '0000-00-00 00:00:00'),
(4, '1805.202.051.B', 'Teknologi Fertigasi dan Larik Ganda untuk Meningkatkan Budidaya Lada Secara Berkelanjutan', 325068000, 325068000, '2020-01-01 07:00:00', '0000-00-00 00:00:00'),
(5, '1805.202.051.C', 'Perbaikan Kultur Teknis, Mutu dan Pengendalian OPT Lada Menggunakan Mikroba  dan Bahan Alami', 383690000, 383690000, '2020-01-01 07:00:00', '0000-00-00 00:00:00'),
(6, '1805.202.051.D', 'Peningkatan Produktivitas Pala melalui Penentuan Identitas Kelamin Pohon dan Benih, Vektor Penyerbuk serta Teknologi Penyambungan', 250600000, 250600000, '2020-01-01 07:00:00', '2020-07-23 17:41:24'),
(7, '1805.202.051.E', 'Dukungan inovasi teknologi hilirisasi smart farming pertanian presisi dan modern tanaman TRO', 98760000, 98760000, '2020-01-01 07:00:00', '0000-00-00 00:00:00'),
(8, '1805.215.051.A', 'Akselerasi Diseminasi Tanaman, Rempah, Obat, Jambu Mete dan Atsiri melalui Publikasi Ilmiah', 107300000, 107300000, '2020-01-01 07:00:00', '0000-00-00 00:00:00'),
(9, '1805.215.051.B', 'Akselerasi Diseminasi Tanaman, Rempah, Obat Jambu Mete dan Atsiri melalui Desiminasi Multi Channel', 341300000, 341300000, '2020-01-01 07:00:00', '0000-00-00 00:00:00'),
(10, '1805.215.051.C', 'Akselerasi Diseminasi Tanaman, Rempah, Obat Jambu Mete dan Atsiri melalui Unit Komersialisai Teknologi', 30000000, 30000000, '2020-01-01 07:00:00', '0000-00-00 00:00:00'),
(11, '1805.215.051.D', 'Obor Pangan Lestari (OPAL)', 35000000, 35000000, '2020-01-01 07:00:00', '0000-00-00 00:00:00'),
(12, '1805.215.051.E', 'Pengelolaan Pelayanan Kehumasan, Informasi Pelayanan  Publik dan Website', 19250000, 19250000, '2020-01-01 07:00:00', '0000-00-00 00:00:00'),
(13, '1805.215.051.F', 'Dukungan Teknologi Balittro dalam Penanggulangan Covid-19', 378600000, 378600000, '2020-01-01 07:00:00', '0000-00-00 00:00:00'),
(14, '1805.218.051.A', 'Konservasi, Rejuvenasi, Karakterisasi dan Dokumentasi Plasma Nutfah Tanaman Rempah dan Obat', 404660000, 404660000, '2020-01-01 07:00:00', '2020-07-22 15:42:45'),
(15, '1805.301.051.A', 'Produksi benih sumber', 436000000, 436000000, '2020-01-01 07:00:00', '0000-00-00 00:00:00'),
(16, '1805.301.051.B', 'Pemeliharaan Kebun induk', 317500000, 317500000, '2020-01-01 07:00:00', '0000-00-00 00:00:00'),
(17, '1805.301.051.C', 'Pemeliharaan Poduksi Lada TA 2019', 17500000, 17500000, '2020-01-01 07:00:00', '0000-00-00 00:00:00'),
(18, '1805.320.051.A', 'PERAKITAN VARIETAS UNGGUL SELEDRI,  KELADI TIKUS, TEMU IRENG, MENGKUDU DAN KAPULAGA UNTUK PRODUKSI DAN BIOAKTIF TINGGI  SERTA KULTUR JARINGAN JAHE MERAH', 302360000, 302360000, '2020-01-01 07:00:00', '0000-00-00 00:00:00'),
(19, '1805.320.051.B', 'TEKNOLOGI BUDIDAYA RAMAH LINGKUNGAN UNTUK MENINGKATKAN PRODUKTIVITAS DAN BIO AKTIF PEGAGAN, TEMU IRENG, KUMIS KUCING DAN KELADI TIKUS', 305909000, 305909000, '2020-01-01 07:00:00', '0000-00-00 00:00:00'),
(20, '1805.320.051.C', 'TEKNOLOGI PENGENDALIAN OPT KUMIS KUCING, JAHE MERAH DAN TEMULAWAK RAMAH LINGKUNGAN', 230921000, 230921000, '2020-01-01 07:00:00', '0000-00-00 00:00:00'),
(21, '1805.320.051.D', 'TEKNOLOGI PASCA PANEN DAN KELAYAKAN EKONOMI PENYEDIAAN BAHAN BAKU TANAMAN OBAT TERSTANDAR', 296106000, 296106000, '2020-01-01 07:00:00', '0000-00-00 00:00:00'),
(22, '1805.320.051.E', 'TEKNOLOGI PRESISI MENDUKUNG PENYEDIAAN BENIH BERMUTU TANAMAN OBAT ', 202183000, 202183000, '2020-01-01 07:00:00', '0000-00-00 00:00:00'),
(23, '1805.321.052.A', 'PENDAMPINGAN PELAKSANAAN PROGRAM DAN KEGIATAN UTAMA KEMENTERIAN PERTANIAN', 283100000, 283100000, '2020-01-01 07:00:00', '0000-00-00 00:00:00'),
(24, '1809.950.051.A', 'Penyusunan Program dan Rencana Kerja', 123700000, 123700000, '2020-01-01 07:00:00', '0000-00-00 00:00:00'),
(25, '1809.950.051.B', 'Penyusunan Rencana Anggaran', 39600000, 39600000, '2020-01-01 07:00:00', '0000-00-00 00:00:00'),
(26, '1809.950.052.A', 'Sistem Pengawasan Internal (SPI), Monitoring dan evaluasi, pelaporan', 97100000, 97100000, '2020-01-01 07:00:00', '0000-00-00 00:00:00'),
(27, '1809.950.052.B', 'Laporan Hasil Pemeriksaan', 3100000, 3100000, '2020-01-01 07:00:00', '0000-00-00 00:00:00'),
(28, '1809.950.054.A', 'Pembinaan dan Pengembangan Keuangan', 48000000, 48000000, '2020-01-01 07:00:00', '0000-00-00 00:00:00'),
(29, '1809.950.054.B', 'Sistem Akuntansi Instansi', 33000000, 33000000, '2020-01-01 07:00:00', '0000-00-00 00:00:00'),
(30, '1809.950.057.A', 'Pembinaan dan Pengembangan Kepegawaian', 46500000, 46500000, '2020-01-01 07:00:00', '0000-00-00 00:00:00'),
(31, '1809.950.057.B', 'Peningkatan Kapasitas SDM', 16100000, 16100000, '2020-01-01 07:00:00', '0000-00-00 00:00:00'),
(32, '1809.950.059.A', 'Rumah Tangga dan Perlengkapan', 43700000, 43700000, '2020-01-01 07:00:00', '0000-00-00 00:00:00'),
(33, '1809.950.059.B', 'Unit Layanan Pengadaan', 6200000, 6200000, '2020-01-01 07:00:00', '0000-00-00 00:00:00'),
(34, '1809.950.061.A', 'Pembinaan dan Pengembangan TU dan kesekretariatan', 44293000, 44293000, '2020-01-01 07:00:00', '0000-00-00 00:00:00'),
(35, '1809.950.061.B', 'Operasional Pimpinan', 173000000, 173000000, '2020-01-01 07:00:00', '0000-00-00 00:00:00'),
(36, '1809.950.064.A', 'Pengembangan Kapasitas kebun percobaan dan UPBS', 459397000, 459397000, '2020-01-01 07:00:00', '0000-00-00 00:00:00'),
(37, '1809.950.065.A', 'Pengelolaan Laboratorium', 425400000, 425400000, '2020-01-01 07:00:00', '0000-00-00 00:00:00'),
(38, '1809.950.066.A', 'Pengelolaan dan Pelaporan PNBP', 20000000, 20000000, '2020-01-01 07:00:00', '0000-00-00 00:00:00'),
(39, '1809.950.068.A', 'Peningkatan Kapasitas Kelompok Peneliti', 21700000, 21700000, '2020-01-01 07:00:00', '0000-00-00 00:00:00'),
(40, '1809.994.001.A', 'Pembayaran Gaji dan Tunjangan', 18041817000, 18041817000, '2020-01-01 07:00:00', '0000-00-00 00:00:00'),
(41, '1809.994.002.A', 'Kebutuhan Sehari-hari Perkatoran', 1377448000, 1377448000, '2020-01-01 07:00:00', '0000-00-00 00:00:00'),
(42, '1809.994.002.B', 'Langganan Daya dan Jasa', 1192264000, 1192264000, '2020-01-01 07:00:00', '0000-00-00 00:00:00'),
(43, '1809.994.002.C', 'Pemeliharaan Kantor', 1062982000, 1062982000, '2020-01-01 07:00:00', '0000-00-00 00:00:00'),
(44, '1809.994.002.D', 'Pembayaran terkait pelaksanaan operasional kantor', 233220000, 233220000, '2020-01-01 07:00:00', '0000-00-00 00:00:00'),
(45, 'kode', 'nama_kegiatan', 0, 0, '2020-01-01 07:00:00', '0000-00-00 00:00:00');

-- --------------------------------------------------------

--
-- Struktur dari tabel `pangkat`
--

CREATE TABLE `pangkat` (
  `id` int(11) NOT NULL,
  `pangkat` text NOT NULL,
  `created_at` datetime DEFAULT NULL,
  `updated_at` datetime DEFAULT NULL
) ENGINE=InnoDB DEFAULT CHARSET=latin1;

--
-- Dumping data untuk tabel `pangkat`
--

INSERT INTO `pangkat` (`id`, `pangkat`, `created_at`, `updated_at`) VALUES
(1, 'PENGATUR MUDA TK I', NULL, NULL),
(2, 'PENGATUR MUDA', NULL, NULL),
(3, 'PENGATUR', NULL, NULL),
(4, 'PENATA MUDA', NULL, NULL),
(5, 'PENATA MUDA TK I', NULL, NULL),
(6, 'PEMBINA UTAMA', NULL, NULL),
(7, 'PEMBINA UTAMA MUDA', NULL, NULL),
(8, 'PENATA', NULL, NULL),
(9, 'PENATA TK I', NULL, NULL),
(10, 'PENGATUR TK I', NULL, NULL),
(11, 'PEMBINA', NULL, NULL),
(12, 'JURU', NULL, NULL),
(13, 'JURU TK I', NULL, NULL),
(14, 'PEMBINA TK I', NULL, NULL),
(15, 'JURU MUDA TK I', NULL, NULL),
(16, 'PEMBINA UTAMA MADYA', NULL, NULL),
(19, 'IT', '2020-06-04 12:08:14', '2020-06-04 12:08:14'),
(20, 'PM', '2020-07-27 15:12:52', '2020-07-27 15:12:52');

-- --------------------------------------------------------

--
-- Struktur dari tabel `password_resets`
--

CREATE TABLE `password_resets` (
  `email` varchar(255) COLLATE utf8mb4_unicode_ci NOT NULL,
  `token` varchar(255) COLLATE utf8mb4_unicode_ci NOT NULL,
  `created_at` timestamp NULL DEFAULT NULL
) ENGINE=InnoDB DEFAULT CHARSET=utf8mb4 COLLATE=utf8mb4_unicode_ci;

-- --------------------------------------------------------

--
-- Struktur dari tabel `pengemudi`
--

CREATE TABLE `pengemudi` (
  `id` int(11) NOT NULL,
  `id_user` bigint(20) UNSIGNED DEFAULT NULL,
  `jenis_kendaraan` text NOT NULL,
  `no_polisi` text NOT NULL,
  `status` tinyint(1) NOT NULL,
  `created_at` datetime DEFAULT NULL,
  `updated_at` datetime DEFAULT NULL
) ENGINE=InnoDB DEFAULT CHARSET=latin1;

--
-- Dumping data untuk tabel `pengemudi`
--

INSERT INTO `pengemudi` (`id`, `id_user`, `jenis_kendaraan`, `no_polisi`, `status`, `created_at`, `updated_at`) VALUES
(1, 192, 'Grand Livina', 'F. 1265 B', 1, NULL, '2020-06-03 16:45:57'),
(2, NULL, 'Kijang Inova', 'F. 1495 A', 1, NULL, '2020-04-01 06:17:16'),
(3, 47, 'Toyota Hilux  d. Cabin', 'B. 9022 SSC', 1, NULL, '2020-04-06 19:57:28'),
(4, 32, 'Kijang Inova', 'F. 1867 A', 1, NULL, '2020-06-25 12:30:12'),
(5, NULL, 'Kijang Inova', 'F. 1492 A', 1, NULL, '2020-03-28 13:13:44'),
(6, NULL, 'Kijang Inova', 'F. 1850 A', 1, NULL, '2020-03-28 13:13:54'),
(7, 22, 'Toyota Hilux', 'F. 8891 A', 1, NULL, NULL),
(10, 219, 'mitsubishi', 'F 1234 AE', 1, '2020-06-04 12:09:28', '2020-06-04 12:11:22');

-- --------------------------------------------------------

--
-- Struktur dari tabel `perjalanan_dinas`
--

CREATE TABLE `perjalanan_dinas` (
  `id` int(11) NOT NULL,
  `nomor_perjalanan_dinas` text DEFAULT NULL,
  `id_penanggung_jawab` bigint(20) UNSIGNED DEFAULT NULL,
  `judul_kegiatan` text NOT NULL,
  `id_tujuan` int(11) DEFAULT NULL,
  `maksud_perjalanan` text NOT NULL,
  `tanggal` date NOT NULL,
  `lama_perjalanan` int(11) NOT NULL,
  `kegiatan` int(11) DEFAULT NULL,
  `kendaraan` tinyint(1) NOT NULL,
  `surat_tugas` tinyint(1) NOT NULL,
  `pagu_anggaran` double NOT NULL,
  `biaya_telah_digunakan` double NOT NULL,
  `biaya_akan_digunakan` double NOT NULL,
  `status_acc` int(11) NOT NULL DEFAULT 0,
  `tanda_tangan` bigint(20) UNSIGNED DEFAULT NULL,
  `created_at` datetime DEFAULT NULL,
  `updated_at` datetime DEFAULT NULL
) ENGINE=InnoDB DEFAULT CHARSET=latin1;

--
-- Dumping data untuk tabel `perjalanan_dinas`
--

INSERT INTO `perjalanan_dinas` (`id`, `nomor_perjalanan_dinas`, `id_penanggung_jawab`, `judul_kegiatan`, `id_tujuan`, `maksud_perjalanan`, `tanggal`, `lama_perjalanan`, `kegiatan`, `kendaraan`, `surat_tugas`, `pagu_anggaran`, `biaya_telah_digunakan`, `biaya_akan_digunakan`, `status_acc`, `tanda_tangan`, `created_at`, `updated_at`) VALUES
(59, '2732.29.07.2020', 221, 'judul', 1, 'maksud', '2020-07-29', 2, 1, 0, 1, 412400000, 0, 1195000, 1, 53, '2020-07-29 14:11:47', '2020-07-29 14:13:04');

--
-- Trigger `perjalanan_dinas`
--
DELIMITER $$
CREATE TRIGGER `add_pagu` BEFORE DELETE ON `perjalanan_dinas` FOR EACH ROW IF old.status_acc = 1 THEN
	UPDATE `pagu_anggaran` SET `sisa_biaya`=`sisa_biaya`+ old.biaya_akan_digunakan WHERE `id`= old.kegiatan;
END IF
$$
DELIMITER ;
DELIMITER $$
CREATE TRIGGER `update_pagu` BEFORE UPDATE ON `perjalanan_dinas` FOR EACH ROW IF old.status_acc != 1 THEN
	IF new.status_acc = 1 THEN
		UPDATE `pagu_anggaran` SET `sisa_biaya`=`sisa_biaya`-new.biaya_akan_digunakan WHERE `id`= old.kegiatan;
	END IF;
ELSE
	IF new.status_acc != 1 THEN
		UPDATE `pagu_anggaran` SET `sisa_biaya`=`sisa_biaya`+ old.biaya_akan_digunakan WHERE `id`= old.kegiatan;
	END IF;
END IF
$$
DELIMITER ;

-- --------------------------------------------------------

--
-- Struktur dari tabel `perjalanan_dinas_detail`
--

CREATE TABLE `perjalanan_dinas_detail` (
  `id` int(11) NOT NULL,
  `id_perjalanan_dinas` int(11) DEFAULT NULL,
  `id_user` bigint(20) UNSIGNED NOT NULL,
  `created_at` datetime DEFAULT NULL,
  `updated_at` datetime DEFAULT NULL
) ENGINE=InnoDB DEFAULT CHARSET=latin1;

--
-- Dumping data untuk tabel `perjalanan_dinas_detail`
--

INSERT INTO `perjalanan_dinas_detail` (`id`, `id_perjalanan_dinas`, `id_user`, `created_at`, `updated_at`) VALUES
(120, 59, 221, NULL, NULL),
(121, 59, 7, NULL, NULL);

-- --------------------------------------------------------

--
-- Struktur dari tabel `pinjam_kendaraan`
--

CREATE TABLE `pinjam_kendaraan` (
  `id` int(11) NOT NULL,
  `nomor_laporan` text DEFAULT 'NULL',
  `id_perjalanan_dinas` int(11) DEFAULT NULL,
  `id_peminjam` bigint(20) UNSIGNED DEFAULT NULL,
  `jenis_kendaraan` tinyint(1) NOT NULL,
  `keperluan` tinyint(1) NOT NULL,
  `id_tujuan` int(11) DEFAULT NULL,
  `tanggal` date NOT NULL,
  `jam` time NOT NULL,
  `lama_keperluan` int(11) NOT NULL,
  `status_acc` int(11) NOT NULL DEFAULT 0,
  `tanda_tangan` bigint(20) UNSIGNED DEFAULT NULL,
  `created_at` datetime DEFAULT NULL,
  `updated_at` datetime DEFAULT NULL
) ENGINE=InnoDB DEFAULT CHARSET=latin1;

--
-- Dumping data untuk tabel `pinjam_kendaraan`
--

INSERT INTO `pinjam_kendaraan` (`id`, `nomor_laporan`, `id_perjalanan_dinas`, `id_peminjam`, `jenis_kendaraan`, `keperluan`, `id_tujuan`, `tanggal`, `jam`, `lama_keperluan`, `status_acc`, `tanda_tangan`, `created_at`, `updated_at`) VALUES
(54, '0739.03.08.2020', 59, 221, 1, 1, 1, '2020-07-29', '08:40:00', 2, 1, 61, '2020-08-03 18:30:03', '2020-08-03 18:30:20');

-- --------------------------------------------------------

--
-- Struktur dari tabel `pinjam_kendaraan_pengemudi`
--

CREATE TABLE `pinjam_kendaraan_pengemudi` (
  `id` int(11) NOT NULL,
  `id_pinjam_kendaraan` int(11) DEFAULT NULL,
  `id_pengemudi` int(11) NOT NULL,
  `accept` tinyint(1) NOT NULL,
  `income_device_owner` tinyint(1) NOT NULL,
  `created_at` datetime DEFAULT NULL,
  `updated_at` datetime DEFAULT NULL
) ENGINE=InnoDB DEFAULT CHARSET=latin1;

--
-- Dumping data untuk tabel `pinjam_kendaraan_pengemudi`
--

INSERT INTO `pinjam_kendaraan_pengemudi` (`id`, `id_pinjam_kendaraan`, `id_pengemudi`, `accept`, `income_device_owner`, `created_at`, `updated_at`) VALUES
(89, 54, 1, 0, 1, '2020-08-03 18:30:20', '2020-08-03 18:30:51');

-- --------------------------------------------------------

--
-- Struktur dari tabel `pinjam_kendaraan_penumpang`
--

CREATE TABLE `pinjam_kendaraan_penumpang` (
  `id` int(11) NOT NULL,
  `id_pinjam_kendaraan` int(11) DEFAULT NULL,
  `id_user` bigint(20) UNSIGNED NOT NULL,
  `created_at` datetime DEFAULT NULL,
  `updated_at` datetime DEFAULT NULL
) ENGINE=InnoDB DEFAULT CHARSET=latin1;

--
-- Dumping data untuk tabel `pinjam_kendaraan_penumpang`
--

INSERT INTO `pinjam_kendaraan_penumpang` (`id`, `id_pinjam_kendaraan`, `id_user`, `created_at`, `updated_at`) VALUES
(117, 54, 221, NULL, NULL),
(118, 54, 7, NULL, NULL);

-- --------------------------------------------------------

--
-- Struktur dari tabel `potong_anggaran`
--

CREATE TABLE `potong_anggaran` (
  `id` int(11) NOT NULL,
  `id_pagu_anggaran` int(11) NOT NULL,
  `keterangan` text NOT NULL,
  `jumlah_biaya` double NOT NULL,
  `created_at` datetime DEFAULT NULL,
  `updated_at` datetime DEFAULT NULL
) ENGINE=InnoDB DEFAULT CHARSET=latin1;

--
-- Trigger `potong_anggaran`
--
DELIMITER $$
CREATE TRIGGER `add_potong` BEFORE INSERT ON `potong_anggaran` FOR EACH ROW BEGIN

UPDATE `pagu_anggaran` SET `sisa_biaya`=`sisa_biaya`-new.jumlah_biaya,`updated_at`=now() WHERE `id`=new.id_pagu_anggaran;

UPDATE `perjalanan_dinas` SET `biaya_telah_digunakan`=`biaya_telah_digunakan`+new.jumlah_biaya WHERE YEAR(`created_at`)=YEAR(now()) and `kegiatan`=new.id_pagu_anggaran;

END
$$
DELIMITER ;
DELIMITER $$
CREATE TRIGGER `delete_potong` BEFORE DELETE ON `potong_anggaran` FOR EACH ROW BEGIN
 
 UPDATE `pagu_anggaran` SET `sisa_biaya`=`sisa_biaya`+old.jumlah_biaya,`updated_at`=now() WHERE `id`=old.id_pagu_anggaran;
 
UPDATE `perjalanan_dinas` SET `biaya_telah_digunakan`=`biaya_telah_digunakan`-old.jumlah_biaya WHERE YEAR(`created_at`)=YEAR(now()) and `kegiatan`=old.id_pagu_anggaran;
 
 END
$$
DELIMITER ;

-- --------------------------------------------------------

--
-- Struktur dari tabel `role`
--

CREATE TABLE `role` (
  `id` int(11) NOT NULL,
  `name` text NOT NULL
) ENGINE=InnoDB DEFAULT CHARSET=latin1;

--
-- Dumping data untuk tabel `role`
--

INSERT INTO `role` (`id`, `name`) VALUES
(1, 'admin sppd & cuti'),
(2, 'user'),
(3, 'pengemudi'),
(4, 'super admin'),
(5, 'admin spd'),
(6, 'admin bendahara'),
(7, 'admin kwitansi'),
(8, 'admin kendaraan & cuti'),
(9, 'admin upg');

-- --------------------------------------------------------

--
-- Struktur dari tabel `roots`
--

CREATE TABLE `roots` (
  `id` int(11) NOT NULL,
  `jenis` int(11) NOT NULL,
  `tujuan` int(11) NOT NULL,
  `biaya` text NOT NULL,
  `parent` int(11) DEFAULT NULL
) ENGINE=InnoDB DEFAULT CHARSET=latin1;

--
-- Dumping data untuk tabel `roots`
--

INSERT INTO `roots` (`id`, `jenis`, `tujuan`, `biaya`, `parent`) VALUES
(1, 1, 1, '', NULL),
(2, 2, 1, '', NULL),
(3, 3, 1, '', NULL),
(4, 4, 1, '', 3),
(5, 5, 1, '', 3),
(6, 6, 2, '', NULL),
(7, 7, 2, '', NULL);

-- --------------------------------------------------------

--
-- Struktur dari tabel `surat_perjalanan_dinas`
--

CREATE TABLE `surat_perjalanan_dinas` (
  `id` int(11) NOT NULL,
  `id_perjalanan_dinas` int(11) DEFAULT NULL,
  `tempat_berangkat` text DEFAULT NULL,
  `keterangan` tinyint(1) NOT NULL,
  `keterangan_lain` text DEFAULT NULL,
  `tanda_tangan` bigint(20) UNSIGNED DEFAULT NULL,
  `created_at` datetime DEFAULT NULL,
  `updated_at` datetime DEFAULT NULL
) ENGINE=InnoDB DEFAULT CHARSET=latin1;

--
-- Dumping data untuk tabel `surat_perjalanan_dinas`
--

INSERT INTO `surat_perjalanan_dinas` (`id`, `id_perjalanan_dinas`, `tempat_berangkat`, `keterangan`, `keterangan_lain`, `tanda_tangan`, `created_at`, `updated_at`) VALUES
(18, 59, 'bogor', 1, 'tidak ada', 48, '2020-07-29 14:17:21', '2020-07-29 14:17:21');

-- --------------------------------------------------------

--
-- Struktur dari tabel `tujuan`
--

CREATE TABLE `tujuan` (
  `id` int(11) NOT NULL,
  `tujuan` text NOT NULL,
  `created_at` datetime DEFAULT NULL,
  `updated_at` datetime DEFAULT NULL
) ENGINE=InnoDB DEFAULT CHARSET=latin1;

--
-- Dumping data untuk tabel `tujuan`
--

INSERT INTO `tujuan` (`id`, `tujuan`, `created_at`, `updated_at`) VALUES
(1, 'Perjalanan Dinas Tujuan Jakarta dan sekitarnya', NULL, NULL),
(2, 'Perjalanan Dinas Tujuan Bandung, lembang dan sekitarnya', NULL, NULL),
(3, 'Perjalanan Dinas Tujuan Karawang, Cikampek dan sekitarnya', NULL, NULL),
(4, 'Perjalanan Dinas Tujuan Sukamulia, Sukabumi dan Cianjur dan sekitarnya', NULL, NULL),
(5, 'Perjalanan Dinas Tujuan Serpong, Cibinong, Depok, Bekasi, Cicurug, Cipayung, Cisarua, Cipanas dan sekitarnya', NULL, NULL),
(6, 'Perjalanan Dinas Tujuan Tanggerang, Banten dan sekitarnya', NULL, NULL),
(7, 'Perjalanan Dinas Tujuan Bandara Soekarno Hatta dan sekitarnya', NULL, NULL),
(8, 'Perjalanan Dinas Tujuan Halim Perdana Kusuma dan sekitarnya', NULL, '2020-03-31 07:18:52'),
(12, 'Perjalanan Dinas Tujuan Surakarta dan Sekitarnya', '2020-06-04 12:02:53', '2020-06-04 12:03:15');

-- --------------------------------------------------------

--
-- Struktur dari tabel `user`
--

CREATE TABLE `user` (
  `id` bigint(20) UNSIGNED NOT NULL,
  `username` text COLLATE utf8mb4_unicode_ci NOT NULL,
  `email` varchar(255) COLLATE utf8mb4_unicode_ci NOT NULL,
  `password` varchar(255) COLLATE utf8mb4_unicode_ci NOT NULL,
  `id_role` int(11) DEFAULT NULL,
  `email_verified_at` timestamp NULL DEFAULT NULL,
  `remember_token` varchar(100) COLLATE utf8mb4_unicode_ci DEFAULT NULL,
  `created_at` timestamp NULL DEFAULT NULL,
  `updated_at` timestamp NULL DEFAULT NULL
) ENGINE=InnoDB DEFAULT CHARSET=utf8mb4 COLLATE=utf8mb4_unicode_ci;

--
-- Dumping data untuk tabel `user`
--

INSERT INTO `user` (`id`, `username`, `email`, `password`, `id_role`, `email_verified_at`, `remember_token`, `created_at`, `updated_at`) VALUES
(1, '196908292014071001', '', '$2y$10$1illNCwKDP1ZZdCY4zi.7uiWUc70qFyI3/gDG1UcoumKb953GSjgu', 2, NULL, NULL, NULL, NULL),
(2, '196504111990031002', 'user@user.com', '$2y$10$1illNCwKDP1ZZdCY4zi.7uiWUc70qFyI3/gDG1UcoumKb953GSjgu', 2, NULL, NULL, NULL, NULL),
(3, '197004192006041007', '', '$2y$10$1illNCwKDP1ZZdCY4zi.7uiWUc70qFyI3/gDG1UcoumKb953GSjgu', 2, NULL, NULL, NULL, NULL),
(4, '196905052007011001', '', '$2y$10$1illNCwKDP1ZZdCY4zi.7uiWUc70qFyI3/gDG1UcoumKb953GSjgu', 2, NULL, NULL, NULL, NULL),
(5, '196303041990031002', '', '$2y$10$1illNCwKDP1ZZdCY4zi.7uiWUc70qFyI3/gDG1UcoumKb953GSjgu', 2, NULL, NULL, NULL, NULL),
(6, '198211092012121001', '', '$2y$10$1illNCwKDP1ZZdCY4zi.7uiWUc70qFyI3/gDG1UcoumKb953GSjgu', 2, NULL, NULL, NULL, NULL),
(7, '198603082019021001', '', '$2y$10$1illNCwKDP1ZZdCY4zi.7uiWUc70qFyI3/gDG1UcoumKb953GSjgu', 2, NULL, NULL, NULL, NULL),
(8, '195708171986031001', '', '$2y$10$1illNCwKDP1ZZdCY4zi.7uiWUc70qFyI3/gDG1UcoumKb953GSjgu', 2, NULL, NULL, NULL, NULL),
(9, '196012241989031001', '', '$2y$10$1illNCwKDP1ZZdCY4zi.7uiWUc70qFyI3/gDG1UcoumKb953GSjgu', 2, NULL, NULL, NULL, NULL),
(10, '196001211985031002', '', '$2y$10$1illNCwKDP1ZZdCY4zi.7uiWUc70qFyI3/gDG1UcoumKb953GSjgu', 2, NULL, NULL, NULL, NULL),
(11, '196602191992031001', '', '$2y$10$1illNCwKDP1ZZdCY4zi.7uiWUc70qFyI3/gDG1UcoumKb953GSjgu', 2, NULL, NULL, NULL, NULL),
(12, '198109142012121001', '', '$2y$10$1illNCwKDP1ZZdCY4zi.7uiWUc70qFyI3/gDG1UcoumKb953GSjgu', 2, NULL, NULL, NULL, NULL),
(13, '196305271989032002', '', '$2y$10$1illNCwKDP1ZZdCY4zi.7uiWUc70qFyI3/gDG1UcoumKb953GSjgu', 2, NULL, NULL, NULL, NULL),
(14, '196307151992101001', '', '$2y$10$1illNCwKDP1ZZdCY4zi.7uiWUc70qFyI3/gDG1UcoumKb953GSjgu', 2, NULL, NULL, NULL, NULL),
(15, '196902022012121002', '', '$2y$10$1illNCwKDP1ZZdCY4zi.7uiWUc70qFyI3/gDG1UcoumKb953GSjgu', 2, NULL, NULL, NULL, NULL),
(16, '198703112014032001', '', '$2y$10$1illNCwKDP1ZZdCY4zi.7uiWUc70qFyI3/gDG1UcoumKb953GSjgu', 2, NULL, NULL, NULL, NULL),
(17, '196704071991031001', '', '$2y$10$1illNCwKDP1ZZdCY4zi.7uiWUc70qFyI3/gDG1UcoumKb953GSjgu', 2, NULL, NULL, NULL, NULL),
(18, '197212042007011001', '', '$2y$10$1illNCwKDP1ZZdCY4zi.7uiWUc70qFyI3/gDG1UcoumKb953GSjgu', 2, NULL, NULL, NULL, NULL),
(19, '196511102007011001', '', '$2y$10$1illNCwKDP1ZZdCY4zi.7uiWUc70qFyI3/gDG1UcoumKb953GSjgu', 2, NULL, NULL, NULL, NULL),
(20, '196706022006042011', '', '$2y$10$1illNCwKDP1ZZdCY4zi.7uiWUc70qFyI3/gDG1UcoumKb953GSjgu', 2, NULL, NULL, NULL, NULL),
(21, '197407022014071002', '', '$2y$10$1illNCwKDP1ZZdCY4zi.7uiWUc70qFyI3/gDG1UcoumKb953GSjgu', 2, NULL, NULL, NULL, NULL),
(22, '197305012007011001', 'driver7@driver.com', '$2y$10$1illNCwKDP1ZZdCY4zi.7uiWUc70qFyI3/gDG1UcoumKb953GSjgu', 3, NULL, NULL, NULL, NULL),
(23, '196409152006041010', '', '$2y$10$1illNCwKDP1ZZdCY4zi.7uiWUc70qFyI3/gDG1UcoumKb953GSjgu', 2, NULL, NULL, NULL, NULL),
(24, '197410022012122001', '', '$2y$10$1illNCwKDP1ZZdCY4zi.7uiWUc70qFyI3/gDG1UcoumKb953GSjgu', 2, NULL, NULL, NULL, NULL),
(25, '196103111992031002', '', '$2y$10$1illNCwKDP1ZZdCY4zi.7uiWUc70qFyI3/gDG1UcoumKb953GSjgu', 2, NULL, NULL, NULL, NULL),
(26, '196207051991032001', '', '$2y$10$1illNCwKDP1ZZdCY4zi.7uiWUc70qFyI3/gDG1UcoumKb953GSjgu', 2, NULL, NULL, NULL, NULL),
(27, '196407241998031001', '', '$2y$10$1illNCwKDP1ZZdCY4zi.7uiWUc70qFyI3/gDG1UcoumKb953GSjgu', 2, NULL, NULL, NULL, NULL),
(28, '197402062012122001', '', '$2y$10$1illNCwKDP1ZZdCY4zi.7uiWUc70qFyI3/gDG1UcoumKb953GSjgu', 2, NULL, NULL, NULL, NULL),
(29, '198007302012121002', '', '$2y$10$1illNCwKDP1ZZdCY4zi.7uiWUc70qFyI3/gDG1UcoumKb953GSjgu', 2, NULL, NULL, NULL, NULL),
(30, '196812011998031001', '', '$2y$10$1illNCwKDP1ZZdCY4zi.7uiWUc70qFyI3/gDG1UcoumKb953GSjgu', 2, NULL, NULL, NULL, NULL),
(31, '197010222007011001', '', '$2y$10$1illNCwKDP1ZZdCY4zi.7uiWUc70qFyI3/gDG1UcoumKb953GSjgu', 2, NULL, NULL, NULL, NULL),
(32, '197303312007011017', 'driver4@driver.com', '$2y$10$1illNCwKDP1ZZdCY4zi.7uiWUc70qFyI3/gDG1UcoumKb953GSjgu', 3, NULL, NULL, NULL, NULL),
(33, '196705161994032001', '', '$2y$10$1illNCwKDP1ZZdCY4zi.7uiWUc70qFyI3/gDG1UcoumKb953GSjgu', 2, NULL, NULL, NULL, NULL),
(34, '198203262014072001', '', '$2y$10$1illNCwKDP1ZZdCY4zi.7uiWUc70qFyI3/gDG1UcoumKb953GSjgu', 2, NULL, NULL, NULL, NULL),
(35, '198511082009122004', '', '$2y$10$1illNCwKDP1ZZdCY4zi.7uiWUc70qFyI3/gDG1UcoumKb953GSjgu', 2, NULL, NULL, NULL, NULL),
(36, '196605081993031001', '', '$2y$10$1illNCwKDP1ZZdCY4zi.7uiWUc70qFyI3/gDG1UcoumKb953GSjgu', 2, NULL, NULL, NULL, NULL),
(37, '195504081979032001', '', '$2y$10$1illNCwKDP1ZZdCY4zi.7uiWUc70qFyI3/gDG1UcoumKb953GSjgu', 2, NULL, NULL, NULL, NULL),
(38, '196903152014071004', '', '$2y$10$1illNCwKDP1ZZdCY4zi.7uiWUc70qFyI3/gDG1UcoumKb953GSjgu', 2, NULL, NULL, NULL, NULL),
(39, '198501122014032001', '', '$2y$10$1illNCwKDP1ZZdCY4zi.7uiWUc70qFyI3/gDG1UcoumKb953GSjgu', 2, NULL, NULL, NULL, NULL),
(40, '197601292007012001', '', '$2y$10$1illNCwKDP1ZZdCY4zi.7uiWUc70qFyI3/gDG1UcoumKb953GSjgu', 2, NULL, NULL, NULL, NULL),
(41, '196408291992031001', '', '$2y$10$1illNCwKDP1ZZdCY4zi.7uiWUc70qFyI3/gDG1UcoumKb953GSjgu', 2, NULL, NULL, NULL, NULL),
(42, '196206101992031001', '', '$2y$10$1illNCwKDP1ZZdCY4zi.7uiWUc70qFyI3/gDG1UcoumKb953GSjgu', 2, NULL, NULL, NULL, NULL),
(43, '196102141986032001', '', '$2y$10$1illNCwKDP1ZZdCY4zi.7uiWUc70qFyI3/gDG1UcoumKb953GSjgu', 2, NULL, NULL, NULL, NULL),
(44, '197309231993032002', '', '$2y$10$1illNCwKDP1ZZdCY4zi.7uiWUc70qFyI3/gDG1UcoumKb953GSjgu', 2, NULL, NULL, NULL, NULL),
(45, '195508031983032001', '', '$2y$10$1illNCwKDP1ZZdCY4zi.7uiWUc70qFyI3/gDG1UcoumKb953GSjgu', 2, NULL, NULL, NULL, NULL),
(46, '196611011992031001', '', '$2y$10$1illNCwKDP1ZZdCY4zi.7uiWUc70qFyI3/gDG1UcoumKb953GSjgu', 2, NULL, NULL, NULL, NULL),
(47, '196707021998031002', 'driver3@driver.com', '$2y$10$ae7kKDbtSrOV7F25NybXKuaBCRd/6UE/pup/cosQHREoKzzLdIa2a', 3, NULL, NULL, NULL, '2020-03-24 13:28:27'),
(48, '196505021992041001', 'xxxx3177@gmail.com', '$2y$10$1illNCwKDP1ZZdCY4zi.7uiWUc70qFyI3/gDG1UcoumKb953GSjgu', 5, NULL, NULL, NULL, NULL),
(49, '197009152007011001', '', '$2y$10$1illNCwKDP1ZZdCY4zi.7uiWUc70qFyI3/gDG1UcoumKb953GSjgu', 2, NULL, NULL, NULL, NULL),
(50, '196807092007011001', '', '$2y$10$1illNCwKDP1ZZdCY4zi.7uiWUc70qFyI3/gDG1UcoumKb953GSjgu', 2, NULL, NULL, NULL, NULL),
(51, '196503052006042006', '', '$2y$10$1illNCwKDP1ZZdCY4zi.7uiWUc70qFyI3/gDG1UcoumKb953GSjgu', 2, NULL, NULL, NULL, NULL),
(52, '196204271992032001', '', '$2y$10$1illNCwKDP1ZZdCY4zi.7uiWUc70qFyI3/gDG1UcoumKb953GSjgu', 2, NULL, NULL, NULL, NULL),
(53, '196801161994032002', 'xxxx3177@gmail.com', '$2y$10$EnCynlRjtXxgWgYWjarDl.M/CDP7utW5Oy9FM2nevlOBRuxcqiQwW', 1, NULL, NULL, NULL, '2020-04-01 10:51:33'),
(54, '197502022014071002', 'driver5@driver.com', '$2y$10$1illNCwKDP1ZZdCY4zi.7uiWUc70qFyI3/gDG1UcoumKb953GSjgu', 3, NULL, NULL, NULL, NULL),
(55, '196206211990031002', '', '$2y$10$1illNCwKDP1ZZdCY4zi.7uiWUc70qFyI3/gDG1UcoumKb953GSjgu', 2, NULL, NULL, NULL, NULL),
(56, '199401252019021001', '', '$2y$10$1illNCwKDP1ZZdCY4zi.7uiWUc70qFyI3/gDG1UcoumKb953GSjgu', 2, NULL, NULL, NULL, NULL),
(57, '196708131994032001', '', '$2y$10$1illNCwKDP1ZZdCY4zi.7uiWUc70qFyI3/gDG1UcoumKb953GSjgu', 2, NULL, NULL, NULL, NULL),
(58, '196907291994031001', '', '$2y$10$1illNCwKDP1ZZdCY4zi.7uiWUc70qFyI3/gDG1UcoumKb953GSjgu', 2, NULL, NULL, NULL, NULL),
(59, '196203031989031003', '', '$2y$10$1illNCwKDP1ZZdCY4zi.7uiWUc70qFyI3/gDG1UcoumKb953GSjgu', 2, NULL, NULL, NULL, NULL),
(60, '196411262007102001', '', '$2y$10$1illNCwKDP1ZZdCY4zi.7uiWUc70qFyI3/gDG1UcoumKb953GSjgu', 2, NULL, NULL, NULL, NULL),
(61, '196205161987031003', 'xxxx3177@gmail.com', '$2y$10$1illNCwKDP1ZZdCY4zi.7uiWUc70qFyI3/gDG1UcoumKb953GSjgu', 8, NULL, NULL, NULL, NULL),
(62, '197112012012121005', '', '$2y$10$1illNCwKDP1ZZdCY4zi.7uiWUc70qFyI3/gDG1UcoumKb953GSjgu', 2, NULL, NULL, NULL, NULL),
(63, '197910302008121001', '', '$2y$10$1illNCwKDP1ZZdCY4zi.7uiWUc70qFyI3/gDG1UcoumKb953GSjgu', 2, NULL, NULL, NULL, NULL),
(64, '197308172014072001', '', '$2y$10$1illNCwKDP1ZZdCY4zi.7uiWUc70qFyI3/gDG1UcoumKb953GSjgu', 2, NULL, NULL, NULL, NULL),
(65, '196312241992031002', '', '$2y$10$1illNCwKDP1ZZdCY4zi.7uiWUc70qFyI3/gDG1UcoumKb953GSjgu', 2, NULL, NULL, NULL, NULL),
(66, '196403131992031001', '', '$2y$10$1illNCwKDP1ZZdCY4zi.7uiWUc70qFyI3/gDG1UcoumKb953GSjgu', 2, NULL, NULL, NULL, NULL),
(67, '195808061987032001', '', '$2y$10$1illNCwKDP1ZZdCY4zi.7uiWUc70qFyI3/gDG1UcoumKb953GSjgu', 2, NULL, NULL, NULL, NULL),
(68, '196707182014072002', '', '$2y$10$1illNCwKDP1ZZdCY4zi.7uiWUc70qFyI3/gDG1UcoumKb953GSjgu', 2, NULL, NULL, NULL, NULL),
(69, '198212282009011009', '', '$2y$10$1illNCwKDP1ZZdCY4zi.7uiWUc70qFyI3/gDG1UcoumKb953GSjgu', 2, NULL, NULL, NULL, NULL),
(70, '196612141993031002', '', '$2y$10$1illNCwKDP1ZZdCY4zi.7uiWUc70qFyI3/gDG1UcoumKb953GSjgu', 2, NULL, NULL, NULL, NULL),
(71, '197306142012122001', '', '$2y$10$1illNCwKDP1ZZdCY4zi.7uiWUc70qFyI3/gDG1UcoumKb953GSjgu', 2, NULL, NULL, NULL, NULL),
(72, '198302272012121004', '', '$2y$10$1illNCwKDP1ZZdCY4zi.7uiWUc70qFyI3/gDG1UcoumKb953GSjgu', 2, NULL, NULL, NULL, NULL),
(73, '196709201992031004', '', '$2y$10$1illNCwKDP1ZZdCY4zi.7uiWUc70qFyI3/gDG1UcoumKb953GSjgu', 2, NULL, NULL, NULL, NULL),
(74, '199001012019022004', '', '$2y$10$1illNCwKDP1ZZdCY4zi.7uiWUc70qFyI3/gDG1UcoumKb953GSjgu', 2, NULL, NULL, NULL, NULL),
(75, '196207271986031001', '', '$2y$10$1illNCwKDP1ZZdCY4zi.7uiWUc70qFyI3/gDG1UcoumKb953GSjgu', 2, NULL, NULL, NULL, NULL),
(76, '195811281986032002', '', '$2y$10$1illNCwKDP1ZZdCY4zi.7uiWUc70qFyI3/gDG1UcoumKb953GSjgu', 2, NULL, NULL, NULL, NULL),
(77, '198501122012122001', '', '$2y$10$1illNCwKDP1ZZdCY4zi.7uiWUc70qFyI3/gDG1UcoumKb953GSjgu', 2, NULL, NULL, NULL, NULL),
(78, '196510041992031001', '', '$2y$10$1illNCwKDP1ZZdCY4zi.7uiWUc70qFyI3/gDG1UcoumKb953GSjgu', 2, NULL, NULL, NULL, NULL),
(79, '196606052007011001', '', '$2y$10$1illNCwKDP1ZZdCY4zi.7uiWUc70qFyI3/gDG1UcoumKb953GSjgu', 2, NULL, NULL, NULL, NULL),
(80, '197707252014071001', '', '$2y$10$1illNCwKDP1ZZdCY4zi.7uiWUc70qFyI3/gDG1UcoumKb953GSjgu', 2, NULL, NULL, NULL, NULL),
(81, '196505122006041010', '', '$2y$10$1illNCwKDP1ZZdCY4zi.7uiWUc70qFyI3/gDG1UcoumKb953GSjgu', 2, NULL, NULL, NULL, NULL),
(82, '197502282007011002', '', '$2y$10$1illNCwKDP1ZZdCY4zi.7uiWUc70qFyI3/gDG1UcoumKb953GSjgu', 2, NULL, NULL, NULL, NULL),
(83, '196401031991021001', '', '$2y$10$1illNCwKDP1ZZdCY4zi.7uiWUc70qFyI3/gDG1UcoumKb953GSjgu', 2, NULL, NULL, NULL, NULL),
(84, '196507091993031005', '', '$2y$10$1illNCwKDP1ZZdCY4zi.7uiWUc70qFyI3/gDG1UcoumKb953GSjgu', 2, NULL, NULL, NULL, NULL),
(85, '196802011991031001', '', '$2y$10$1illNCwKDP1ZZdCY4zi.7uiWUc70qFyI3/gDG1UcoumKb953GSjgu', 2, NULL, NULL, NULL, NULL),
(86, '196801012007011003', '', '$2y$10$1illNCwKDP1ZZdCY4zi.7uiWUc70qFyI3/gDG1UcoumKb953GSjgu', 2, NULL, NULL, NULL, NULL),
(87, '196603141991031003', '', '$2y$10$1illNCwKDP1ZZdCY4zi.7uiWUc70qFyI3/gDG1UcoumKb953GSjgu', 2, NULL, NULL, NULL, NULL),
(88, '196504011988031023', '', '$2y$10$1illNCwKDP1ZZdCY4zi.7uiWUc70qFyI3/gDG1UcoumKb953GSjgu', 2, NULL, NULL, NULL, NULL),
(89, '197405132007011001', '', '$2y$10$1illNCwKDP1ZZdCY4zi.7uiWUc70qFyI3/gDG1UcoumKb953GSjgu', 2, NULL, NULL, NULL, NULL),
(90, '196509011998031002', '', '$2y$10$1illNCwKDP1ZZdCY4zi.7uiWUc70qFyI3/gDG1UcoumKb953GSjgu', 2, NULL, NULL, NULL, NULL),
(91, '196207291991031001', '', '$2y$10$1illNCwKDP1ZZdCY4zi.7uiWUc70qFyI3/gDG1UcoumKb953GSjgu', 2, NULL, NULL, NULL, NULL),
(92, '197212101991031001', '', '$2y$10$1illNCwKDP1ZZdCY4zi.7uiWUc70qFyI3/gDG1UcoumKb953GSjgu', 2, NULL, NULL, NULL, NULL),
(93, '197008052006042028', '', '$2y$10$1illNCwKDP1ZZdCY4zi.7uiWUc70qFyI3/gDG1UcoumKb953GSjgu', 2, NULL, NULL, NULL, NULL),
(94, '197203132014071001', '', '$2y$10$1illNCwKDP1ZZdCY4zi.7uiWUc70qFyI3/gDG1UcoumKb953GSjgu', 2, NULL, NULL, NULL, NULL),
(95, '196605271991031002', '', '$2y$10$1illNCwKDP1ZZdCY4zi.7uiWUc70qFyI3/gDG1UcoumKb953GSjgu', 2, NULL, NULL, NULL, NULL),
(96, '196503112006042005', '', '$2y$10$1illNCwKDP1ZZdCY4zi.7uiWUc70qFyI3/gDG1UcoumKb953GSjgu', 2, NULL, NULL, NULL, NULL),
(97, '196408241989102001', '', '$2y$10$1illNCwKDP1ZZdCY4zi.7uiWUc70qFyI3/gDG1UcoumKb953GSjgu', 2, NULL, NULL, NULL, NULL),
(98, '197104212007012001', '', '$2y$10$1illNCwKDP1ZZdCY4zi.7uiWUc70qFyI3/gDG1UcoumKb953GSjgu', 2, NULL, NULL, NULL, NULL),
(99, '197901072006042023', '', '$2y$10$1illNCwKDP1ZZdCY4zi.7uiWUc70qFyI3/gDG1UcoumKb953GSjgu', 2, NULL, NULL, NULL, NULL),
(100, '196310151987031003', '', '$2y$10$1illNCwKDP1ZZdCY4zi.7uiWUc70qFyI3/gDG1UcoumKb953GSjgu', 2, NULL, NULL, NULL, NULL),
(101, '196301011990031002', '', '$2y$10$1illNCwKDP1ZZdCY4zi.7uiWUc70qFyI3/gDG1UcoumKb953GSjgu', 2, NULL, NULL, NULL, NULL),
(102, '198203112008012019', '', '$2y$10$1illNCwKDP1ZZdCY4zi.7uiWUc70qFyI3/gDG1UcoumKb953GSjgu', 2, NULL, NULL, NULL, NULL),
(103, '196509291990021001', '', '$2y$10$1illNCwKDP1ZZdCY4zi.7uiWUc70qFyI3/gDG1UcoumKb953GSjgu', 2, NULL, NULL, NULL, NULL),
(104, '199103132018012001', '', '$2y$10$1illNCwKDP1ZZdCY4zi.7uiWUc70qFyI3/gDG1UcoumKb953GSjgu', 2, NULL, NULL, NULL, NULL),
(105, '197407162007011001', '', '$2y$10$1illNCwKDP1ZZdCY4zi.7uiWUc70qFyI3/gDG1UcoumKb953GSjgu', 2, NULL, NULL, NULL, NULL),
(106, '199206142018012001', '', '$2y$10$1illNCwKDP1ZZdCY4zi.7uiWUc70qFyI3/gDG1UcoumKb953GSjgu', 2, NULL, NULL, NULL, NULL),
(107, '196511041992032001', '', '$2y$10$1illNCwKDP1ZZdCY4zi.7uiWUc70qFyI3/gDG1UcoumKb953GSjgu', 2, NULL, NULL, NULL, NULL),
(108, '196501121993031001', 'xxxx3177@gmail.com', '$2y$10$1illNCwKDP1ZZdCY4zi.7uiWUc70qFyI3/gDG1UcoumKb953GSjgu', 6, NULL, NULL, NULL, NULL),
(109, '197605082001122001', '', '$2y$10$1illNCwKDP1ZZdCY4zi.7uiWUc70qFyI3/gDG1UcoumKb953GSjgu', 2, NULL, NULL, NULL, NULL),
(110, '198402082011012015', '', '$2y$10$1illNCwKDP1ZZdCY4zi.7uiWUc70qFyI3/gDG1UcoumKb953GSjgu', 2, NULL, NULL, NULL, NULL),
(111, '196805161998032001', '', '$2y$10$1illNCwKDP1ZZdCY4zi.7uiWUc70qFyI3/gDG1UcoumKb953GSjgu', 2, NULL, NULL, NULL, NULL),
(112, '196706272006041009', '', '$2y$10$1illNCwKDP1ZZdCY4zi.7uiWUc70qFyI3/gDG1UcoumKb953GSjgu', 2, NULL, NULL, NULL, NULL),
(113, '197706022002122001', '', '$2y$10$1illNCwKDP1ZZdCY4zi.7uiWUc70qFyI3/gDG1UcoumKb953GSjgu', 2, NULL, NULL, NULL, NULL),
(114, '198302092012121001', '', '$2y$10$1illNCwKDP1ZZdCY4zi.7uiWUc70qFyI3/gDG1UcoumKb953GSjgu', 2, NULL, NULL, NULL, NULL),
(115, '196412021991031002', '', '$2y$10$1illNCwKDP1ZZdCY4zi.7uiWUc70qFyI3/gDG1UcoumKb953GSjgu', 2, NULL, NULL, NULL, NULL),
(116, '196009031983031016', '', '$2y$10$1illNCwKDP1ZZdCY4zi.7uiWUc70qFyI3/gDG1UcoumKb953GSjgu', 2, NULL, NULL, NULL, NULL),
(117, '197110101999031001', '', '$2y$10$1illNCwKDP1ZZdCY4zi.7uiWUc70qFyI3/gDG1UcoumKb953GSjgu', 2, NULL, NULL, NULL, NULL),
(118, '197201091994031001', '', '$2y$10$1illNCwKDP1ZZdCY4zi.7uiWUc70qFyI3/gDG1UcoumKb953GSjgu', 2, NULL, NULL, NULL, NULL),
(119, '197212022007011001', '', '$2y$10$1illNCwKDP1ZZdCY4zi.7uiWUc70qFyI3/gDG1UcoumKb953GSjgu', 2, NULL, NULL, NULL, NULL),
(120, '197309032014071001', '', '$2y$10$1illNCwKDP1ZZdCY4zi.7uiWUc70qFyI3/gDG1UcoumKb953GSjgu', 2, NULL, NULL, NULL, NULL),
(121, '196711062006042011', '', '$2y$10$1illNCwKDP1ZZdCY4zi.7uiWUc70qFyI3/gDG1UcoumKb953GSjgu', 2, NULL, NULL, NULL, NULL),
(122, '196208301989032001', '', '$2y$10$1illNCwKDP1ZZdCY4zi.7uiWUc70qFyI3/gDG1UcoumKb953GSjgu', 2, NULL, NULL, NULL, NULL),
(123, '196312311994041001', '', '$2y$10$1illNCwKDP1ZZdCY4zi.7uiWUc70qFyI3/gDG1UcoumKb953GSjgu', 2, NULL, NULL, NULL, NULL),
(124, '198605292009122006', '', '$2y$10$1illNCwKDP1ZZdCY4zi.7uiWUc70qFyI3/gDG1UcoumKb953GSjgu', 2, NULL, NULL, NULL, NULL),
(125, '196710102002122001', 'xxxx3177@gmail.com', '$2y$10$1illNCwKDP1ZZdCY4zi.7uiWUc70qFyI3/gDG1UcoumKb953GSjgu', 7, NULL, NULL, NULL, NULL),
(126, '196702091992032002', '', '$2y$10$1illNCwKDP1ZZdCY4zi.7uiWUc70qFyI3/gDG1UcoumKb953GSjgu', 2, NULL, NULL, NULL, NULL),
(127, '196704021994032010', '', '$2y$10$1illNCwKDP1ZZdCY4zi.7uiWUc70qFyI3/gDG1UcoumKb953GSjgu', 2, NULL, NULL, NULL, NULL),
(128, '195912171986032003', '', '$2y$10$1illNCwKDP1ZZdCY4zi.7uiWUc70qFyI3/gDG1UcoumKb953GSjgu', 2, NULL, NULL, NULL, NULL),
(129, '195709071986031002', '', '$2y$10$1illNCwKDP1ZZdCY4zi.7uiWUc70qFyI3/gDG1UcoumKb953GSjgu', 2, NULL, NULL, NULL, NULL),
(130, '196411041992032001', '', '$2y$10$1illNCwKDP1ZZdCY4zi.7uiWUc70qFyI3/gDG1UcoumKb953GSjgu', 2, NULL, NULL, NULL, NULL),
(131, '196110041987032001', '', '$2y$10$1illNCwKDP1ZZdCY4zi.7uiWUc70qFyI3/gDG1UcoumKb953GSjgu', 2, NULL, NULL, NULL, NULL),
(132, '196402261989032001', '', '$2y$10$1illNCwKDP1ZZdCY4zi.7uiWUc70qFyI3/gDG1UcoumKb953GSjgu', 2, NULL, NULL, NULL, NULL),
(133, '198606172018012001', '', '$2y$10$1illNCwKDP1ZZdCY4zi.7uiWUc70qFyI3/gDG1UcoumKb953GSjgu', 2, NULL, NULL, NULL, NULL),
(134, '197502032007012001', '', '$2y$10$1illNCwKDP1ZZdCY4zi.7uiWUc70qFyI3/gDG1UcoumKb953GSjgu', 2, NULL, NULL, NULL, NULL),
(135, '197402202001122001', '', '$2y$10$1illNCwKDP1ZZdCY4zi.7uiWUc70qFyI3/gDG1UcoumKb953GSjgu', 2, NULL, NULL, NULL, NULL),
(136, '197211162012121001', '', '$2y$10$1illNCwKDP1ZZdCY4zi.7uiWUc70qFyI3/gDG1UcoumKb953GSjgu', 2, NULL, NULL, NULL, NULL),
(137, '198303142014032001', '', '$2y$10$1illNCwKDP1ZZdCY4zi.7uiWUc70qFyI3/gDG1UcoumKb953GSjgu', 2, NULL, NULL, NULL, NULL),
(138, '198911042015031001', '', '$2y$10$1illNCwKDP1ZZdCY4zi.7uiWUc70qFyI3/gDG1UcoumKb953GSjgu', 2, NULL, NULL, NULL, NULL),
(139, '198511162012122002', '', '$2y$10$1illNCwKDP1ZZdCY4zi.7uiWUc70qFyI3/gDG1UcoumKb953GSjgu', 2, NULL, NULL, NULL, NULL),
(140, '198502162009012007', '', '$2y$10$1illNCwKDP1ZZdCY4zi.7uiWUc70qFyI3/gDG1UcoumKb953GSjgu', 2, NULL, NULL, NULL, NULL),
(141, '196704041994032001', '', '$2y$10$1illNCwKDP1ZZdCY4zi.7uiWUc70qFyI3/gDG1UcoumKb953GSjgu', 2, NULL, NULL, NULL, NULL),
(142, '198002292008012009', '', '$2y$10$1illNCwKDP1ZZdCY4zi.7uiWUc70qFyI3/gDG1UcoumKb953GSjgu', 2, NULL, NULL, NULL, NULL),
(143, '198209012012121003', '', '$2y$10$1illNCwKDP1ZZdCY4zi.7uiWUc70qFyI3/gDG1UcoumKb953GSjgu', 2, NULL, NULL, NULL, NULL),
(144, '195812091984031001', '', '$2y$10$1illNCwKDP1ZZdCY4zi.7uiWUc70qFyI3/gDG1UcoumKb953GSjgu', 2, NULL, NULL, NULL, NULL),
(145, '196110091986032001', '', '$2y$10$1illNCwKDP1ZZdCY4zi.7uiWUc70qFyI3/gDG1UcoumKb953GSjgu', 2, NULL, NULL, NULL, NULL),
(146, '198711292011011014', '', '$2y$10$1illNCwKDP1ZZdCY4zi.7uiWUc70qFyI3/gDG1UcoumKb953GSjgu', 2, NULL, NULL, NULL, NULL),
(147, '196907311992031001', '', '$2y$10$1illNCwKDP1ZZdCY4zi.7uiWUc70qFyI3/gDG1UcoumKb953GSjgu', 2, NULL, NULL, NULL, NULL),
(148, '196803292007011001', '', '$2y$10$1illNCwKDP1ZZdCY4zi.7uiWUc70qFyI3/gDG1UcoumKb953GSjgu', 2, NULL, NULL, NULL, NULL),
(149, '198106262014031002', '', '$2y$10$1illNCwKDP1ZZdCY4zi.7uiWUc70qFyI3/gDG1UcoumKb953GSjgu', 2, NULL, NULL, NULL, NULL),
(150, '197412161994031002', '', '$2y$10$1illNCwKDP1ZZdCY4zi.7uiWUc70qFyI3/gDG1UcoumKb953GSjgu', 2, NULL, NULL, NULL, NULL),
(151, '196708302014072001', '', '$2y$10$1illNCwKDP1ZZdCY4zi.7uiWUc70qFyI3/gDG1UcoumKb953GSjgu', 2, NULL, NULL, NULL, NULL),
(152, '197008192012121001', '', '$2y$10$1illNCwKDP1ZZdCY4zi.7uiWUc70qFyI3/gDG1UcoumKb953GSjgu', 2, NULL, NULL, NULL, NULL),
(153, '196404051991021001', '', '$2y$10$1illNCwKDP1ZZdCY4zi.7uiWUc70qFyI3/gDG1UcoumKb953GSjgu', 2, NULL, NULL, NULL, NULL),
(154, '196711161994031002', '', '$2y$10$1illNCwKDP1ZZdCY4zi.7uiWUc70qFyI3/gDG1UcoumKb953GSjgu', 2, NULL, NULL, NULL, NULL),
(155, '196302101991032001', '', '$2y$10$1illNCwKDP1ZZdCY4zi.7uiWUc70qFyI3/gDG1UcoumKb953GSjgu', 2, NULL, NULL, NULL, NULL),
(156, '196603271992042001', '', '$2y$10$1illNCwKDP1ZZdCY4zi.7uiWUc70qFyI3/gDG1UcoumKb953GSjgu', 2, NULL, NULL, NULL, NULL),
(157, '198612172011012015', '', '$2y$10$1illNCwKDP1ZZdCY4zi.7uiWUc70qFyI3/gDG1UcoumKb953GSjgu', 2, NULL, NULL, NULL, NULL),
(158, '199206052019022002', '', '$2y$10$1illNCwKDP1ZZdCY4zi.7uiWUc70qFyI3/gDG1UcoumKb953GSjgu', 2, NULL, NULL, NULL, NULL),
(159, '197306102012122001', '', '$2y$10$1illNCwKDP1ZZdCY4zi.7uiWUc70qFyI3/gDG1UcoumKb953GSjgu', 2, NULL, NULL, NULL, NULL),
(160, '196602102007012001', '', '$2y$10$1illNCwKDP1ZZdCY4zi.7uiWUc70qFyI3/gDG1UcoumKb953GSjgu', 2, NULL, NULL, NULL, NULL),
(161, '196910282007012001', '', '$2y$10$1illNCwKDP1ZZdCY4zi.7uiWUc70qFyI3/gDG1UcoumKb953GSjgu', 2, NULL, NULL, NULL, NULL),
(162, '196805172012122001', '', '$2y$10$1illNCwKDP1ZZdCY4zi.7uiWUc70qFyI3/gDG1UcoumKb953GSjgu', 2, NULL, NULL, NULL, NULL),
(163, '196307101991032001', '', '$2y$10$1illNCwKDP1ZZdCY4zi.7uiWUc70qFyI3/gDG1UcoumKb953GSjgu', 2, NULL, NULL, NULL, NULL),
(164, '197306112014071001', '', '$2y$10$1illNCwKDP1ZZdCY4zi.7uiWUc70qFyI3/gDG1UcoumKb953GSjgu', 2, NULL, NULL, NULL, NULL),
(165, '196510071990022001', '', '$2y$10$1illNCwKDP1ZZdCY4zi.7uiWUc70qFyI3/gDG1UcoumKb953GSjgu', 2, NULL, NULL, NULL, NULL),
(166, '196810061994042001', '', '$2y$10$1illNCwKDP1ZZdCY4zi.7uiWUc70qFyI3/gDG1UcoumKb953GSjgu', 2, NULL, NULL, NULL, NULL),
(167, '196202131990032001', '', '$2y$10$1illNCwKDP1ZZdCY4zi.7uiWUc70qFyI3/gDG1UcoumKb953GSjgu', 2, NULL, NULL, NULL, NULL),
(168, '196303022006042006', '', '$2y$10$1illNCwKDP1ZZdCY4zi.7uiWUc70qFyI3/gDG1UcoumKb953GSjgu', 2, NULL, NULL, NULL, NULL),
(169, '196506012007012001', '', '$2y$10$1illNCwKDP1ZZdCY4zi.7uiWUc70qFyI3/gDG1UcoumKb953GSjgu', 2, NULL, NULL, NULL, NULL),
(170, '196612121997031001', '', '$2y$10$1illNCwKDP1ZZdCY4zi.7uiWUc70qFyI3/gDG1UcoumKb953GSjgu', 2, NULL, NULL, NULL, NULL),
(171, '198303092008011005', 'xxxx3177@gmail.com', '$2y$10$1illNCwKDP1ZZdCY4zi.7uiWUc70qFyI3/gDG1UcoumKb953GSjgu', 9, NULL, NULL, NULL, NULL),
(172, '196601191991031002', '', '$2y$10$1illNCwKDP1ZZdCY4zi.7uiWUc70qFyI3/gDG1UcoumKb953GSjgu', 2, NULL, NULL, NULL, NULL),
(173, '197204272012121001', '', '$2y$10$1illNCwKDP1ZZdCY4zi.7uiWUc70qFyI3/gDG1UcoumKb953GSjgu', 2, NULL, NULL, NULL, NULL),
(174, '196805152006041009', '', '$2y$10$1illNCwKDP1ZZdCY4zi.7uiWUc70qFyI3/gDG1UcoumKb953GSjgu', 2, NULL, NULL, NULL, NULL),
(175, '196310191997031001', '', '$2y$10$1illNCwKDP1ZZdCY4zi.7uiWUc70qFyI3/gDG1UcoumKb953GSjgu', 2, NULL, NULL, NULL, NULL),
(176, '196704061998031002', '', '$2y$10$1illNCwKDP1ZZdCY4zi.7uiWUc70qFyI3/gDG1UcoumKb953GSjgu', 2, NULL, NULL, NULL, NULL),
(177, '195812211983031005', '', '$2y$10$1illNCwKDP1ZZdCY4zi.7uiWUc70qFyI3/gDG1UcoumKb953GSjgu', 2, NULL, NULL, NULL, NULL),
(178, '197010072007011001', '', '$2y$10$1illNCwKDP1ZZdCY4zi.7uiWUc70qFyI3/gDG1UcoumKb953GSjgu', 2, NULL, NULL, NULL, NULL),
(179, '197701132014071002', '', '$2y$10$1illNCwKDP1ZZdCY4zi.7uiWUc70qFyI3/gDG1UcoumKb953GSjgu', 2, NULL, NULL, NULL, NULL),
(180, '197412272007012001', '', '$2y$10$1illNCwKDP1ZZdCY4zi.7uiWUc70qFyI3/gDG1UcoumKb953GSjgu', 2, NULL, NULL, NULL, NULL),
(181, '198103012005012002', '', '$2y$10$1illNCwKDP1ZZdCY4zi.7uiWUc70qFyI3/gDG1UcoumKb953GSjgu', 2, NULL, NULL, NULL, NULL),
(182, '196405091998032001', '', '$2y$10$1illNCwKDP1ZZdCY4zi.7uiWUc70qFyI3/gDG1UcoumKb953GSjgu', 2, NULL, NULL, NULL, NULL),
(183, '196207151989031001', '', '$2y$10$1illNCwKDP1ZZdCY4zi.7uiWUc70qFyI3/gDG1UcoumKb953GSjgu', 2, NULL, NULL, NULL, NULL),
(184, '196606141994031002', '', '$2y$10$1illNCwKDP1ZZdCY4zi.7uiWUc70qFyI3/gDG1UcoumKb953GSjgu', 2, NULL, NULL, NULL, NULL),
(185, '198304022011012014', '', '$2y$10$1illNCwKDP1ZZdCY4zi.7uiWUc70qFyI3/gDG1UcoumKb953GSjgu', 2, NULL, NULL, NULL, NULL),
(186, '196304191989032001', '', '$2y$10$1illNCwKDP1ZZdCY4zi.7uiWUc70qFyI3/gDG1UcoumKb953GSjgu', 2, NULL, NULL, NULL, NULL),
(187, '196207102007012001', '', '$2y$10$1illNCwKDP1ZZdCY4zi.7uiWUc70qFyI3/gDG1UcoumKb953GSjgu', 2, NULL, NULL, NULL, NULL),
(188, '196909082014071001', '', '$2y$10$1illNCwKDP1ZZdCY4zi.7uiWUc70qFyI3/gDG1UcoumKb953GSjgu', 2, NULL, NULL, NULL, NULL),
(189, '197806012014071002', '', '$2y$10$1illNCwKDP1ZZdCY4zi.7uiWUc70qFyI3/gDG1UcoumKb953GSjgu', 2, NULL, NULL, NULL, NULL),
(190, '196904151992031002', '', '$2y$10$1illNCwKDP1ZZdCY4zi.7uiWUc70qFyI3/gDG1UcoumKb953GSjgu', 2, NULL, NULL, NULL, NULL),
(191, '196205211989032001', '', '$2y$10$1illNCwKDP1ZZdCY4zi.7uiWUc70qFyI3/gDG1UcoumKb953GSjgu', 2, NULL, NULL, NULL, NULL),
(192, '196307212006041005', 'driver1@driver.com', '$2y$10$1illNCwKDP1ZZdCY4zi.7uiWUc70qFyI3/gDG1UcoumKb953GSjgu', 3, NULL, NULL, NULL, NULL),
(193, '196709151993031002', '', '$2y$10$1illNCwKDP1ZZdCY4zi.7uiWUc70qFyI3/gDG1UcoumKb953GSjgu', 2, NULL, NULL, NULL, NULL),
(194, '198211032012121003', '', '$2y$10$1illNCwKDP1ZZdCY4zi.7uiWUc70qFyI3/gDG1UcoumKb953GSjgu', 2, NULL, NULL, NULL, NULL),
(195, '196612311995031001', '', '$2y$10$1illNCwKDP1ZZdCY4zi.7uiWUc70qFyI3/gDG1UcoumKb953GSjgu', 2, NULL, NULL, NULL, NULL),
(196, '196505081990031002', '', '$2y$10$1illNCwKDP1ZZdCY4zi.7uiWUc70qFyI3/gDG1UcoumKb953GSjgu', 2, NULL, NULL, NULL, NULL),
(197, '197205092006041014', '', '$2y$10$1illNCwKDP1ZZdCY4zi.7uiWUc70qFyI3/gDG1UcoumKb953GSjgu', 2, NULL, NULL, NULL, NULL),
(198, '197707292012121001', '', '$2y$10$1illNCwKDP1ZZdCY4zi.7uiWUc70qFyI3/gDG1UcoumKb953GSjgu', 2, NULL, NULL, NULL, NULL),
(199, '198308152012121003', '', '$2y$10$1illNCwKDP1ZZdCY4zi.7uiWUc70qFyI3/gDG1UcoumKb953GSjgu', 2, NULL, NULL, NULL, NULL),
(200, '196304101991031003', '', '$2y$10$1illNCwKDP1ZZdCY4zi.7uiWUc70qFyI3/gDG1UcoumKb953GSjgu', 2, NULL, NULL, NULL, NULL),
(201, '197106101995032002', '', '$2y$10$1illNCwKDP1ZZdCY4zi.7uiWUc70qFyI3/gDG1UcoumKb953GSjgu', 2, NULL, NULL, NULL, NULL),
(202, '196602201992031001', '', '$2y$10$1illNCwKDP1ZZdCY4zi.7uiWUc70qFyI3/gDG1UcoumKb953GSjgu', 2, NULL, NULL, NULL, NULL),
(203, '196602071991021001', '', '$2y$10$1illNCwKDP1ZZdCY4zi.7uiWUc70qFyI3/gDG1UcoumKb953GSjgu', 2, NULL, NULL, NULL, NULL),
(204, '197412131994032002', '', '$2y$10$1illNCwKDP1ZZdCY4zi.7uiWUc70qFyI3/gDG1UcoumKb953GSjgu', 2, NULL, NULL, NULL, NULL),
(205, '197006072007012001', '', '$2y$10$1illNCwKDP1ZZdCY4zi.7uiWUc70qFyI3/gDG1UcoumKb953GSjgu', 2, NULL, NULL, NULL, NULL),
(206, '196204051989031001', '', '$2y$10$1illNCwKDP1ZZdCY4zi.7uiWUc70qFyI3/gDG1UcoumKb953GSjgu', 2, NULL, NULL, NULL, NULL),
(207, '196303201987031003', '', '$2y$10$1illNCwKDP1ZZdCY4zi.7uiWUc70qFyI3/gDG1UcoumKb953GSjgu', 2, NULL, NULL, NULL, NULL),
(208, '196404011992031001', '', '$2y$10$1illNCwKDP1ZZdCY4zi.7uiWUc70qFyI3/gDG1UcoumKb953GSjgu', 2, NULL, NULL, NULL, NULL),
(209, '197105042012122001', '', '$2y$10$1illNCwKDP1ZZdCY4zi.7uiWUc70qFyI3/gDG1UcoumKb953GSjgu', 2, NULL, NULL, NULL, NULL),
(210, '197112222014071001', '', '$2y$10$1illNCwKDP1ZZdCY4zi.7uiWUc70qFyI3/gDG1UcoumKb953GSjgu', 2, NULL, NULL, NULL, NULL),
(211, '197301222007011001', '', '$2y$10$1illNCwKDP1ZZdCY4zi.7uiWUc70qFyI3/gDG1UcoumKb953GSjgu', 2, NULL, NULL, NULL, NULL),
(212, '197009142007011001', '', '$2y$10$1illNCwKDP1ZZdCY4zi.7uiWUc70qFyI3/gDG1UcoumKb953GSjgu', 2, NULL, NULL, NULL, NULL),
(213, '196208231984031001', '', '$2y$10$1illNCwKDP1ZZdCY4zi.7uiWUc70qFyI3/gDG1UcoumKb953GSjgu', 2, NULL, NULL, NULL, NULL),
(214, '197407012012121002', '', '$2y$10$1illNCwKDP1ZZdCY4zi.7uiWUc70qFyI3/gDG1UcoumKb953GSjgu', 2, NULL, NULL, NULL, NULL),
(216, 's-admin', 'adamilkom00@gmail.com', '$2y$10$o5GipCIF0m3A/DEt4/0CruNXPN05JH6KqoX62Ir8Xe54Jd3LtToCW', 4, NULL, NULL, NULL, '2020-06-03 09:17:05'),
(219, 'driverx', 'driver@driver.com', '$2y$10$1illNCwKDP1ZZdCY4zi.7uiWUc70qFyI3/gDG1UcoumKb953GSjgu', 3, NULL, NULL, '2020-03-28 03:54:05', '2020-03-28 03:54:05'),
(221, 'adamfurqon', 'adamilkom00@gmail.com', '$2y$10$X9sudiyfi4BzBLJ/YRaspuKmuRVFD4e62cNcEsmH6WdZ8Tlu2hQsO', 2, NULL, NULL, '2020-06-04 05:00:04', '2020-06-04 05:00:37'),
(222, 'Mulyadi', 'mulyadidatabase@gmail.com', '$2y$10$xkCvsHRSls.evNxwVar.veASwY2065n5HHNeTz4TXdpNaveTBB7nG', 1, NULL, NULL, '2020-07-27 07:08:35', '2020-07-27 07:08:35');

--
-- Indexes for dumped tables
--

--
-- Indeks untuk tabel `agama`
--
ALTER TABLE `agama`
  ADD PRIMARY KEY (`id`);

--
-- Indeks untuk tabel `biaya_anggaran`
--
ALTER TABLE `biaya_anggaran`
  ADD PRIMARY KEY (`id`),
  ADD KEY `id_jenis_anggaran` (`id_jenis_anggaran`),
  ADD KEY `id_tujuan` (`id_tujuan`);

--
-- Indeks untuk tabel `cuti`
--
ALTER TABLE `cuti`
  ADD PRIMARY KEY (`id`),
  ADD KEY `id_user` (`id_user`),
  ADD KEY `id_jenis_cuti` (`id_jenis_cuti`),
  ADD KEY `tanda_tangan_admin1` (`tanda_tangan_admin1`),
  ADD KEY `tanda_tangan_admin2` (`tanda_tangan_admin2`);

--
-- Indeks untuk tabel `data_user`
--
ALTER TABLE `data_user`
  ADD PRIMARY KEY (`id`),
  ADD KEY `id_pengkat` (`id_pangkat`),
  ADD KEY `id_user` (`id_user`),
  ADD KEY `id_agama` (`id_agama`),
  ADD KEY `id_jenjang_pendidikan` (`id_jenjang_pendidikan`),
  ADD KEY `id_jabatan` (`id_jabatan`),
  ADD KEY `id_golongan` (`id_golongan`);

--
-- Indeks untuk tabel `golongan`
--
ALTER TABLE `golongan`
  ADD PRIMARY KEY (`id`);

--
-- Indeks untuk tabel `jabatan`
--
ALTER TABLE `jabatan`
  ADD PRIMARY KEY (`id`);

--
-- Indeks untuk tabel `jenis_anggaran`
--
ALTER TABLE `jenis_anggaran`
  ADD PRIMARY KEY (`id`);

--
-- Indeks untuk tabel `jenis_cuti`
--
ALTER TABLE `jenis_cuti`
  ADD PRIMARY KEY (`id`);

--
-- Indeks untuk tabel `jenis_gratifikasi`
--
ALTER TABLE `jenis_gratifikasi`
  ADD PRIMARY KEY (`id`);

--
-- Indeks untuk tabel `jenjang_pendidikan`
--
ALTER TABLE `jenjang_pendidikan`
  ADD PRIMARY KEY (`id`);

--
-- Indeks untuk tabel `kwitansi_sppd`
--
ALTER TABLE `kwitansi_sppd`
  ADD PRIMARY KEY (`id`),
  ADD KEY `id_perjalanan_dinas` (`id_perjalanan_dinas`),
  ADD KEY `tanda_tangan` (`tanda_tangan_admin1`),
  ADD KEY `tanda_tangan_admin2` (`tanda_tangan_admin2`);

--
-- Indeks untuk tabel `laporan_upg`
--
ALTER TABLE `laporan_upg`
  ADD PRIMARY KEY (`id`),
  ADD KEY `id_user` (`id_user`),
  ADD KEY `tanda_tangan` (`tanda_tangan`);

--
-- Indeks untuk tabel `laporan_upg_detail`
--
ALTER TABLE `laporan_upg_detail`
  ADD PRIMARY KEY (`id`),
  ADD KEY `id_laporan_upg` (`id_laporan_upg`),
  ADD KEY `id_jenis_gratifikasi` (`id_jenis_gratifikasi`);

--
-- Indeks untuk tabel `migrations`
--
ALTER TABLE `migrations`
  ADD PRIMARY KEY (`id`);

--
-- Indeks untuk tabel `pagu_anggaran`
--
ALTER TABLE `pagu_anggaran`
  ADD PRIMARY KEY (`id`);

--
-- Indeks untuk tabel `pangkat`
--
ALTER TABLE `pangkat`
  ADD PRIMARY KEY (`id`);

--
-- Indeks untuk tabel `password_resets`
--
ALTER TABLE `password_resets`
  ADD KEY `password_resets_email_index` (`email`);

--
-- Indeks untuk tabel `pengemudi`
--
ALTER TABLE `pengemudi`
  ADD PRIMARY KEY (`id`),
  ADD KEY `id_user` (`id_user`);

--
-- Indeks untuk tabel `perjalanan_dinas`
--
ALTER TABLE `perjalanan_dinas`
  ADD PRIMARY KEY (`id`),
  ADD KEY `id_penanggung_jawab` (`id_penanggung_jawab`),
  ADD KEY `id_tujuan` (`id_tujuan`),
  ADD KEY `tanda_tangan` (`tanda_tangan`),
  ADD KEY `kegiatan` (`kegiatan`);

--
-- Indeks untuk tabel `perjalanan_dinas_detail`
--
ALTER TABLE `perjalanan_dinas_detail`
  ADD PRIMARY KEY (`id`),
  ADD KEY `id_user` (`id_user`),
  ADD KEY `id_pinjam_kendaraan` (`id_perjalanan_dinas`);

--
-- Indeks untuk tabel `pinjam_kendaraan`
--
ALTER TABLE `pinjam_kendaraan`
  ADD PRIMARY KEY (`id`),
  ADD KEY `id_perjalanan_dinas` (`id_perjalanan_dinas`),
  ADD KEY `id_peminjam` (`id_peminjam`),
  ADD KEY `id_tujuan` (`id_tujuan`),
  ADD KEY `tanda_tangan` (`tanda_tangan`);

--
-- Indeks untuk tabel `pinjam_kendaraan_pengemudi`
--
ALTER TABLE `pinjam_kendaraan_pengemudi`
  ADD PRIMARY KEY (`id`),
  ADD KEY `id_pinjam_kendaraan` (`id_pinjam_kendaraan`),
  ADD KEY `id_user` (`id_pengemudi`);

--
-- Indeks untuk tabel `pinjam_kendaraan_penumpang`
--
ALTER TABLE `pinjam_kendaraan_penumpang`
  ADD PRIMARY KEY (`id`),
  ADD KEY `id_user` (`id_user`),
  ADD KEY `id_pinjam_kendaraan` (`id_pinjam_kendaraan`);

--
-- Indeks untuk tabel `potong_anggaran`
--
ALTER TABLE `potong_anggaran`
  ADD PRIMARY KEY (`id`),
  ADD KEY `id_pagu_anggaran` (`id_pagu_anggaran`);

--
-- Indeks untuk tabel `role`
--
ALTER TABLE `role`
  ADD PRIMARY KEY (`id`);

--
-- Indeks untuk tabel `roots`
--
ALTER TABLE `roots`
  ADD PRIMARY KEY (`id`);

--
-- Indeks untuk tabel `surat_perjalanan_dinas`
--
ALTER TABLE `surat_perjalanan_dinas`
  ADD PRIMARY KEY (`id`),
  ADD KEY `id_perjalanan_dinas` (`id_perjalanan_dinas`),
  ADD KEY `tanda_tangan` (`tanda_tangan`);

--
-- Indeks untuk tabel `tujuan`
--
ALTER TABLE `tujuan`
  ADD PRIMARY KEY (`id`);

--
-- Indeks untuk tabel `user`
--
ALTER TABLE `user`
  ADD PRIMARY KEY (`id`),
  ADD KEY `id_role` (`id_role`);

--
-- AUTO_INCREMENT untuk tabel yang dibuang
--

--
-- AUTO_INCREMENT untuk tabel `agama`
--
ALTER TABLE `agama`
  MODIFY `id` int(11) NOT NULL AUTO_INCREMENT, AUTO_INCREMENT=7;

--
-- AUTO_INCREMENT untuk tabel `biaya_anggaran`
--
ALTER TABLE `biaya_anggaran`
  MODIFY `id` int(11) NOT NULL AUTO_INCREMENT, AUTO_INCREMENT=54;

--
-- AUTO_INCREMENT untuk tabel `cuti`
--
ALTER TABLE `cuti`
  MODIFY `id` int(11) NOT NULL AUTO_INCREMENT, AUTO_INCREMENT=41;

--
-- AUTO_INCREMENT untuk tabel `data_user`
--
ALTER TABLE `data_user`
  MODIFY `id` int(255) NOT NULL AUTO_INCREMENT, AUTO_INCREMENT=223;

--
-- AUTO_INCREMENT untuk tabel `golongan`
--
ALTER TABLE `golongan`
  MODIFY `id` int(11) NOT NULL AUTO_INCREMENT, AUTO_INCREMENT=20;

--
-- AUTO_INCREMENT untuk tabel `jabatan`
--
ALTER TABLE `jabatan`
  MODIFY `id` int(11) NOT NULL AUTO_INCREMENT, AUTO_INCREMENT=56;

--
-- AUTO_INCREMENT untuk tabel `jenis_anggaran`
--
ALTER TABLE `jenis_anggaran`
  MODIFY `id` int(11) NOT NULL AUTO_INCREMENT, AUTO_INCREMENT=11;

--
-- AUTO_INCREMENT untuk tabel `jenis_cuti`
--
ALTER TABLE `jenis_cuti`
  MODIFY `id` int(11) NOT NULL AUTO_INCREMENT, AUTO_INCREMENT=7;

--
-- AUTO_INCREMENT untuk tabel `jenis_gratifikasi`
--
ALTER TABLE `jenis_gratifikasi`
  MODIFY `id` int(11) NOT NULL AUTO_INCREMENT, AUTO_INCREMENT=7;

--
-- AUTO_INCREMENT untuk tabel `jenjang_pendidikan`
--
ALTER TABLE `jenjang_pendidikan`
  MODIFY `id` int(11) NOT NULL AUTO_INCREMENT, AUTO_INCREMENT=23;

--
-- AUTO_INCREMENT untuk tabel `kwitansi_sppd`
--
ALTER TABLE `kwitansi_sppd`
  MODIFY `id` int(11) NOT NULL AUTO_INCREMENT, AUTO_INCREMENT=16;

--
-- AUTO_INCREMENT untuk tabel `laporan_upg`
--
ALTER TABLE `laporan_upg`
  MODIFY `id` int(11) NOT NULL AUTO_INCREMENT, AUTO_INCREMENT=33;

--
-- AUTO_INCREMENT untuk tabel `laporan_upg_detail`
--
ALTER TABLE `laporan_upg_detail`
  MODIFY `id` int(11) NOT NULL AUTO_INCREMENT, AUTO_INCREMENT=66;

--
-- AUTO_INCREMENT untuk tabel `migrations`
--
ALTER TABLE `migrations`
  MODIFY `id` int(10) UNSIGNED NOT NULL AUTO_INCREMENT, AUTO_INCREMENT=3;

--
-- AUTO_INCREMENT untuk tabel `pagu_anggaran`
--
ALTER TABLE `pagu_anggaran`
  MODIFY `id` int(11) NOT NULL AUTO_INCREMENT, AUTO_INCREMENT=46;

--
-- AUTO_INCREMENT untuk tabel `pangkat`
--
ALTER TABLE `pangkat`
  MODIFY `id` int(11) NOT NULL AUTO_INCREMENT, AUTO_INCREMENT=21;

--
-- AUTO_INCREMENT untuk tabel `pengemudi`
--
ALTER TABLE `pengemudi`
  MODIFY `id` int(11) NOT NULL AUTO_INCREMENT, AUTO_INCREMENT=11;

--
-- AUTO_INCREMENT untuk tabel `perjalanan_dinas`
--
ALTER TABLE `perjalanan_dinas`
  MODIFY `id` int(11) NOT NULL AUTO_INCREMENT, AUTO_INCREMENT=60;

--
-- AUTO_INCREMENT untuk tabel `perjalanan_dinas_detail`
--
ALTER TABLE `perjalanan_dinas_detail`
  MODIFY `id` int(11) NOT NULL AUTO_INCREMENT, AUTO_INCREMENT=122;

--
-- AUTO_INCREMENT untuk tabel `pinjam_kendaraan`
--
ALTER TABLE `pinjam_kendaraan`
  MODIFY `id` int(11) NOT NULL AUTO_INCREMENT, AUTO_INCREMENT=55;

--
-- AUTO_INCREMENT untuk tabel `pinjam_kendaraan_pengemudi`
--
ALTER TABLE `pinjam_kendaraan_pengemudi`
  MODIFY `id` int(11) NOT NULL AUTO_INCREMENT, AUTO_INCREMENT=90;

--
-- AUTO_INCREMENT untuk tabel `pinjam_kendaraan_penumpang`
--
ALTER TABLE `pinjam_kendaraan_penumpang`
  MODIFY `id` int(11) NOT NULL AUTO_INCREMENT, AUTO_INCREMENT=119;

--
-- AUTO_INCREMENT untuk tabel `potong_anggaran`
--
ALTER TABLE `potong_anggaran`
  MODIFY `id` int(11) NOT NULL AUTO_INCREMENT, AUTO_INCREMENT=22;

--
-- AUTO_INCREMENT untuk tabel `role`
--
ALTER TABLE `role`
  MODIFY `id` int(11) NOT NULL AUTO_INCREMENT, AUTO_INCREMENT=10;

--
-- AUTO_INCREMENT untuk tabel `roots`
--
ALTER TABLE `roots`
  MODIFY `id` int(11) NOT NULL AUTO_INCREMENT, AUTO_INCREMENT=14;

--
-- AUTO_INCREMENT untuk tabel `surat_perjalanan_dinas`
--
ALTER TABLE `surat_perjalanan_dinas`
  MODIFY `id` int(11) NOT NULL AUTO_INCREMENT, AUTO_INCREMENT=19;

--
-- AUTO_INCREMENT untuk tabel `tujuan`
--
ALTER TABLE `tujuan`
  MODIFY `id` int(11) NOT NULL AUTO_INCREMENT, AUTO_INCREMENT=13;

--
-- AUTO_INCREMENT untuk tabel `user`
--
ALTER TABLE `user`
  MODIFY `id` bigint(20) UNSIGNED NOT NULL AUTO_INCREMENT, AUTO_INCREMENT=223;

--
-- Ketidakleluasaan untuk tabel pelimpahan (Dumped Tables)
--

--
-- Ketidakleluasaan untuk tabel `biaya_anggaran`
--
ALTER TABLE `biaya_anggaran`
  ADD CONSTRAINT `biaya_anggaran_ibfk_1` FOREIGN KEY (`id_jenis_anggaran`) REFERENCES `jenis_anggaran` (`id`) ON DELETE CASCADE ON UPDATE CASCADE,
  ADD CONSTRAINT `biaya_anggaran_ibfk_2` FOREIGN KEY (`id_tujuan`) REFERENCES `tujuan` (`id`) ON DELETE CASCADE ON UPDATE CASCADE;

--
-- Ketidakleluasaan untuk tabel `cuti`
--
ALTER TABLE `cuti`
  ADD CONSTRAINT `cuti_ibfk_1` FOREIGN KEY (`id_jenis_cuti`) REFERENCES `jenis_cuti` (`id`) ON DELETE SET NULL,
  ADD CONSTRAINT `cuti_ibfk_2` FOREIGN KEY (`id_user`) REFERENCES `user` (`id`) ON DELETE CASCADE ON UPDATE CASCADE,
  ADD CONSTRAINT `cuti_ibfk_3` FOREIGN KEY (`tanda_tangan_admin1`) REFERENCES `user` (`id`) ON DELETE SET NULL ON UPDATE CASCADE,
  ADD CONSTRAINT `cuti_ibfk_4` FOREIGN KEY (`tanda_tangan_admin2`) REFERENCES `user` (`id`) ON DELETE SET NULL ON UPDATE CASCADE;

--
-- Ketidakleluasaan untuk tabel `data_user`
--
ALTER TABLE `data_user`
  ADD CONSTRAINT `data_user_ibfk_1` FOREIGN KEY (`id_agama`) REFERENCES `agama` (`id`) ON DELETE CASCADE ON UPDATE CASCADE,
  ADD CONSTRAINT `data_user_ibfk_2` FOREIGN KEY (`id_jenjang_pendidikan`) REFERENCES `jenjang_pendidikan` (`id`) ON DELETE CASCADE ON UPDATE CASCADE,
  ADD CONSTRAINT `data_user_ibfk_3` FOREIGN KEY (`id_jabatan`) REFERENCES `jabatan` (`id`) ON DELETE CASCADE ON UPDATE CASCADE,
  ADD CONSTRAINT `data_user_ibfk_4` FOREIGN KEY (`id_pangkat`) REFERENCES `pangkat` (`id`) ON DELETE CASCADE ON UPDATE CASCADE,
  ADD CONSTRAINT `data_user_ibfk_5` FOREIGN KEY (`id_golongan`) REFERENCES `golongan` (`id`) ON DELETE CASCADE ON UPDATE CASCADE,
  ADD CONSTRAINT `data_user_ibfk_6` FOREIGN KEY (`id_user`) REFERENCES `user` (`id`) ON DELETE CASCADE ON UPDATE CASCADE;

--
-- Ketidakleluasaan untuk tabel `kwitansi_sppd`
--
ALTER TABLE `kwitansi_sppd`
  ADD CONSTRAINT `kwitansi_sppd_ibfk_1` FOREIGN KEY (`id_perjalanan_dinas`) REFERENCES `perjalanan_dinas` (`id`) ON DELETE CASCADE ON UPDATE CASCADE,
  ADD CONSTRAINT `kwitansi_sppd_ibfk_2` FOREIGN KEY (`tanda_tangan_admin1`) REFERENCES `user` (`id`) ON DELETE SET NULL ON UPDATE CASCADE,
  ADD CONSTRAINT `kwitansi_sppd_ibfk_3` FOREIGN KEY (`tanda_tangan_admin2`) REFERENCES `user` (`id`) ON DELETE SET NULL ON UPDATE CASCADE;

--
-- Ketidakleluasaan untuk tabel `laporan_upg`
--
ALTER TABLE `laporan_upg`
  ADD CONSTRAINT `laporan_upg_ibfk_1` FOREIGN KEY (`id_user`) REFERENCES `user` (`id`) ON DELETE CASCADE ON UPDATE CASCADE,
  ADD CONSTRAINT `laporan_upg_ibfk_2` FOREIGN KEY (`tanda_tangan`) REFERENCES `user` (`id`) ON DELETE SET NULL ON UPDATE CASCADE;

--
-- Ketidakleluasaan untuk tabel `laporan_upg_detail`
--
ALTER TABLE `laporan_upg_detail`
  ADD CONSTRAINT `laporan_upg_detail_ibfk_1` FOREIGN KEY (`id_laporan_upg`) REFERENCES `laporan_upg` (`id`) ON DELETE CASCADE ON UPDATE CASCADE,
  ADD CONSTRAINT `laporan_upg_detail_ibfk_2` FOREIGN KEY (`id_jenis_gratifikasi`) REFERENCES `jenis_gratifikasi` (`id`) ON DELETE CASCADE ON UPDATE CASCADE;

--
-- Ketidakleluasaan untuk tabel `pengemudi`
--
ALTER TABLE `pengemudi`
  ADD CONSTRAINT `pengemudi_ibfk_1` FOREIGN KEY (`id_user`) REFERENCES `user` (`id`) ON DELETE CASCADE ON UPDATE CASCADE;

--
-- Ketidakleluasaan untuk tabel `perjalanan_dinas`
--
ALTER TABLE `perjalanan_dinas`
  ADD CONSTRAINT `perjalanan_dinas_ibfk_1` FOREIGN KEY (`id_penanggung_jawab`) REFERENCES `user` (`id`) ON DELETE CASCADE ON UPDATE CASCADE,
  ADD CONSTRAINT `perjalanan_dinas_ibfk_2` FOREIGN KEY (`id_tujuan`) REFERENCES `tujuan` (`id`) ON DELETE CASCADE ON UPDATE CASCADE,
  ADD CONSTRAINT `perjalanan_dinas_ibfk_3` FOREIGN KEY (`tanda_tangan`) REFERENCES `user` (`id`) ON DELETE SET NULL ON UPDATE CASCADE,
  ADD CONSTRAINT `perjalanan_dinas_ibfk_4` FOREIGN KEY (`kegiatan`) REFERENCES `pagu_anggaran` (`id`);

--
-- Ketidakleluasaan untuk tabel `perjalanan_dinas_detail`
--
ALTER TABLE `perjalanan_dinas_detail`
  ADD CONSTRAINT `perjalanan_dinas_detail_ibfk_1` FOREIGN KEY (`id_perjalanan_dinas`) REFERENCES `perjalanan_dinas` (`id`) ON DELETE CASCADE ON UPDATE CASCADE,
  ADD CONSTRAINT `perjalanan_dinas_detail_ibfk_2` FOREIGN KEY (`id_user`) REFERENCES `user` (`id`);

--
-- Ketidakleluasaan untuk tabel `pinjam_kendaraan`
--
ALTER TABLE `pinjam_kendaraan`
  ADD CONSTRAINT `pinjam_kendaraan_ibfk_1` FOREIGN KEY (`id_perjalanan_dinas`) REFERENCES `perjalanan_dinas` (`id`) ON DELETE CASCADE ON UPDATE CASCADE,
  ADD CONSTRAINT `pinjam_kendaraan_ibfk_3` FOREIGN KEY (`id_peminjam`) REFERENCES `user` (`id`) ON DELETE CASCADE ON UPDATE CASCADE,
  ADD CONSTRAINT `pinjam_kendaraan_ibfk_4` FOREIGN KEY (`id_tujuan`) REFERENCES `tujuan` (`id`) ON DELETE CASCADE ON UPDATE CASCADE,
  ADD CONSTRAINT `pinjam_kendaraan_ibfk_5` FOREIGN KEY (`tanda_tangan`) REFERENCES `user` (`id`) ON DELETE SET NULL ON UPDATE CASCADE;

--
-- Ketidakleluasaan untuk tabel `pinjam_kendaraan_pengemudi`
--
ALTER TABLE `pinjam_kendaraan_pengemudi`
  ADD CONSTRAINT `pinjam_kendaraan_pengemudi_ibfk_1` FOREIGN KEY (`id_pinjam_kendaraan`) REFERENCES `pinjam_kendaraan` (`id`) ON DELETE CASCADE ON UPDATE CASCADE,
  ADD CONSTRAINT `pinjam_kendaraan_pengemudi_ibfk_2` FOREIGN KEY (`id_pengemudi`) REFERENCES `pengemudi` (`id`) ON DELETE CASCADE ON UPDATE CASCADE;

--
-- Ketidakleluasaan untuk tabel `pinjam_kendaraan_penumpang`
--
ALTER TABLE `pinjam_kendaraan_penumpang`
  ADD CONSTRAINT `pinjam_kendaraan_penumpang_ibfk_1` FOREIGN KEY (`id_pinjam_kendaraan`) REFERENCES `pinjam_kendaraan` (`id`) ON DELETE CASCADE ON UPDATE CASCADE,
  ADD CONSTRAINT `pinjam_kendaraan_penumpang_ibfk_2` FOREIGN KEY (`id_user`) REFERENCES `user` (`id`) ON DELETE CASCADE ON UPDATE CASCADE;

--
-- Ketidakleluasaan untuk tabel `potong_anggaran`
--
ALTER TABLE `potong_anggaran`
  ADD CONSTRAINT `potong_anggaran_ibfk_1` FOREIGN KEY (`id_pagu_anggaran`) REFERENCES `pagu_anggaran` (`id`) ON DELETE CASCADE ON UPDATE CASCADE;

--
-- Ketidakleluasaan untuk tabel `surat_perjalanan_dinas`
--
ALTER TABLE `surat_perjalanan_dinas`
  ADD CONSTRAINT `surat_perjalanan_dinas_ibfk_1` FOREIGN KEY (`id_perjalanan_dinas`) REFERENCES `perjalanan_dinas` (`id`) ON DELETE CASCADE ON UPDATE CASCADE,
  ADD CONSTRAINT `surat_perjalanan_dinas_ibfk_2` FOREIGN KEY (`tanda_tangan`) REFERENCES `user` (`id`) ON DELETE SET NULL ON UPDATE CASCADE;

--
-- Ketidakleluasaan untuk tabel `user`
--
ALTER TABLE `user`
  ADD CONSTRAINT `user_ibfk_1` FOREIGN KEY (`id_role`) REFERENCES `role` (`id`) ON DELETE CASCADE ON UPDATE CASCADE;
COMMIT;

/*!40101 SET CHARACTER_SET_CLIENT=@OLD_CHARACTER_SET_CLIENT */;
/*!40101 SET CHARACTER_SET_RESULTS=@OLD_CHARACTER_SET_RESULTS */;
/*!40101 SET COLLATION_CONNECTION=@OLD_COLLATION_CONNECTION */;
